parent_id,optimization_class,score,feedback
None,Optimizer,,
None,Optimizer,,
None,Optimizer,1.421329.,"Mean loss: 1.421329. Best single run: 1.282333.



Critically analyze the algorithmic structure you just generated. Propose a novel exploration strategy that better escapes deep, infeasible local minima in the continuous subspace, while still utilizing the exact Hessian for rapid convergence when trapped in a promising basin."
None,Optimizer,-1.4213290826745566,
None,Optimizer,-1.6948235312188218,
None,Optimizer,-inf,
None,Optimizer,1.694824.,"Mean loss: 1.694824. Best single run: 0.662339.



Take a completely different evolutionary or meta-heuristic paradigm (e.g., Swarm Intelligence, Simulated Annealing, or a Multi-Armed Bandit selector for operators) and adapt it specifically to exploit this 24D, second-order-enabled landscape."
None,Optimizer,1.421329.,Mean loss: 1.421329. Best single run: 1.282333.
None,Optimizer,1.694824.,"Mean loss: 1.694824. Best single run: 0.662339.



Take a completely different evolutionary or meta-heuristic paradigm (e.g., Swarm Intelligence, Simulated Annealing, or a Multi-Armed Bandit selector for operators) and adapt it specifically to exploit this 24D, second-order-enabled landscape."
None,Optimizer,1.694824.,"Mean loss: 1.694824. Best single run: 0.662339.



Critically analyze the algorithmic structure you just generated. Propose a novel exploration strategy that better escapes deep, infeasible local minima in the continuous subspace, while still utilizing the exact Hessian for rapid convergence when trapped in a promising basin."
None,Optimizer,inf.,"Mean loss: inf. Best single run: 3.015340.

--- Optimizer Console Output ---
Seed 2 failed: operands could not be broadcast together with shapes (10,24) (7,24)"
None,Optimizer,1.421329.,Mean loss: 1.421329. Best single run: 1.282333.
None,Optimizer,inf.,"Mean loss: inf. Best single run: 3.015340.

--- Optimizer Console Output ---
Seed 2 failed: operands could not be broadcast together with shapes (10,24) (7,24) 




Critically analyze the algorithmic structure you just generated. Propose a novel exploration strategy that better escapes deep, infeasible local minima in the continuous subspace, while still utilizing the exact Hessian for rapid convergence when trapped in a promising basin."
None,Optimizer,1.421329.,Mean loss: 1.421329. Best single run: 1.282333.
None,Optimizer,0.239395.,Mean loss: 0.239395. Best single run: 0.209977.
None,Optimizer,-0.23939540844798474,
None,Optimizer,-0.24606507976792114,
None,Optimizer,-0.2841125263867455,
None,Optimizer,0.239395.,"Mean loss: 0.239395. Best single run: 0.209977.



Take a completely different evolutionary or meta-heuristic paradigm (e.g., Swarm Intelligence, Simulated Annealing, or a Multi-Armed Bandit selector for operators) and adapt it specifically to exploit this 24D, second-order-enabled landscape."
None,Optimizer,0.284113.,Mean loss: 0.284113. Best single run: 0.234705.
None,Optimizer,0.246065.,"Mean loss: 0.246065. Best single run: 0.188832.



Take a completely different evolutionary or meta-heuristic paradigm (e.g., Swarm Intelligence, Simulated Annealing, or a Multi-Armed Bandit selector for operators) and adapt it specifically to exploit this 24D, second-order-enabled landscape."
None,Optimizer,0.284113.,"Mean loss: 0.284113. Best single run: 0.234705.



Critically analyze the algorithmic structure you just generated. Propose a novel exploration strategy that better escapes deep, infeasible local minima in the continuous subspace, while still utilizing the exact Hessian for rapid convergence when trapped in a promising basin."
None,Optimizer,0.284113.,Mean loss: 0.284113. Best single run: 0.234705.
None,Optimizer,0.239395.,"Mean loss: 0.239395. Best single run: 0.209977.



Introduce a self-tuning or adaptive mechanism. For example, dynamically adjust the frequency of local search, the mutation scale, or the population size based on runtime feedback like the improvement rate, budget remaining, or the condition number of the Hessian matrix."
None,Optimizer,0.246065.,"Mean loss: 0.246065. Best single run: 0.188832.



Introduce a self-tuning or adaptive mechanism. For example, dynamically adjust the frequency of local search, the mutation scale, or the population size based on runtime feedback like the improvement rate, budget remaining, or the condition number of the Hessian matrix."
None,Optimizer,0.246065.,"Mean loss: 0.246065. Best single run: 0.188832.



Take a completely different evolutionary or meta-heuristic paradigm (e.g., Swarm Intelligence, Simulated Annealing, or a Multi-Armed Bandit selector for operators) and adapt it specifically to exploit this 24D, second-order-enabled landscape."
None,Optimizer,0.246065.,"Mean loss: 0.246065. Best single run: 0.188832.



Critically analyze the algorithmic structure you just generated. Propose a novel exploration strategy that better escapes deep, infeasible local minima in the continuous subspace, while still utilizing the exact Hessian for rapid convergence when trapped in a promising basin."
None,Optimizer,-0.21608127092753154,
None,Optimizer,-0.28053516015409596,
None,Optimizer,0.246065.,"Mean loss: 0.246065. Best single run: 0.188832.



Critically analyze the algorithmic structure you just generated. Propose a novel exploration strategy that better escapes deep, infeasible local minima in the continuous subspace, while still utilizing the exact Hessian for rapid convergence when trapped in a promising basin."
None,Optimizer,0.216081.,"Mean loss: 0.216081. Best single run: 0.157465.



Critically analyze the algorithmic structure you just generated. Propose a novel exploration strategy that better escapes deep, infeasible local minima in the continuous subspace, while still utilizing the exact Hessian for rapid convergence when trapped in a promising basin."
None,Optimizer,0.246065.,"Mean loss: 0.246065. Best single run: 0.188832.



Introduce a self-tuning or adaptive mechanism. For example, dynamically adjust the frequency of local search, the mutation scale, or the population size based on runtime feedback like the improvement rate, budget remaining, or the condition number of the Hessian matrix."
None,Optimizer,0.216081.,"Mean loss: 0.216081. Best single run: 0.157465.



Take a completely different evolutionary or meta-heuristic paradigm (e.g., Swarm Intelligence, Simulated Annealing, or a Multi-Armed Bandit selector for operators) and adapt it specifically to exploit this 24D, second-order-enabled landscape."
None,Optimizer,0.216081.,"Mean loss: 0.216081. Best single run: 0.157465.



Critically analyze the algorithmic structure you just generated. Propose a novel exploration strategy that better escapes deep, infeasible local minima in the continuous subspace, while still utilizing the exact Hessian for rapid convergence when trapped in a promising basin."
None,Optimizer,0.246065.,Mean loss: 0.246065. Best single run: 0.188832.
None,Optimizer,0.280535.,"Mean loss: 0.280535. Best single run: 0.247411.



Critically analyze the algorithmic structure you just generated. Propose a novel exploration strategy that better escapes deep, infeasible local minima in the continuous subspace, while still utilizing the exact Hessian for rapid convergence when trapped in a promising basin."
None,Optimizer,0.216081.,"Mean loss: 0.216081. Best single run: 0.157465.



Take a completely different evolutionary or meta-heuristic paradigm (e.g., Swarm Intelligence, Simulated Annealing, or a Multi-Armed Bandit selector for operators) and adapt it specifically to exploit this 24D, second-order-enabled landscape."
None,Optimizer,0.244276.,"Mean loss: 0.244276. Best single run: 0.239791.



Introduce a self-tuning or adaptive mechanism. For example, dynamically adjust the frequency of local search, the mutation scale, or the population size based on runtime feedback like the improvement rate, budget remaining, or the condition number of the Hessian matrix."
None,Optimizer,-0.15744287125197298,
None,Optimizer,-0.24427558068924451,
None,Optimizer,0.157443.,"Mean loss: 0.157443. Best single run: 0.117266.



Introduce a self-tuning or adaptive mechanism. For example, dynamically adjust the frequency of local search, the mutation scale, or the population size based on runtime feedback like the improvement rate, budget remaining, or the condition number of the Hessian matrix."
None,Optimizer,0.216081.,"Mean loss: 0.216081. Best single run: 0.157465.



Critically analyze the algorithmic structure you just generated. Propose a novel exploration strategy that better escapes deep, infeasible local minima in the continuous subspace, while still utilizing the exact Hessian for rapid convergence when trapped in a promising basin."
None,Optimizer,0.216081.,"Mean loss: 0.216081. Best single run: 0.157465.



Take a completely different evolutionary or meta-heuristic paradigm (e.g., Swarm Intelligence, Simulated Annealing, or a Multi-Armed Bandit selector for operators) and adapt it specifically to exploit this 24D, second-order-enabled landscape."
None,Optimizer,0.244276.,"Mean loss: 0.244276. Best single run: 0.239791.



Take a completely different evolutionary or meta-heuristic paradigm (e.g., Swarm Intelligence, Simulated Annealing, or a Multi-Armed Bandit selector for operators) and adapt it specifically to exploit this 24D, second-order-enabled landscape."
None,Optimizer,0.157443.,"Mean loss: 0.157443. Best single run: 0.117266.



Take a completely different evolutionary or meta-heuristic paradigm (e.g., Swarm Intelligence, Simulated Annealing, or a Multi-Armed Bandit selector for operators) and adapt it specifically to exploit this 24D, second-order-enabled landscape."
None,Optimizer,0.216081.,Mean loss: 0.216081. Best single run: 0.157465.
None,Optimizer,0.216081.,Mean loss: 0.216081. Best single run: 0.157465.
None,Optimizer,0.216081.,"Mean loss: 0.216081. Best single run: 0.157465.



Critically analyze the algorithmic structure you just generated. Propose a novel exploration strategy that better escapes deep, infeasible local minima in the continuous subspace, while still utilizing the exact Hessian for rapid convergence when trapped in a promising basin."
None,Optimizer,0.216081.,"Mean loss: 0.216081. Best single run: 0.157465.



Take a completely different evolutionary or meta-heuristic paradigm (e.g., Swarm Intelligence, Simulated Annealing, or a Multi-Armed Bandit selector for operators) and adapt it specifically to exploit this 24D, second-order-enabled landscape."
None,Optimizer,0.216081.,"Mean loss: 0.216081. Best single run: 0.157465.



Introduce a self-tuning or adaptive mechanism. For example, dynamically adjust the frequency of local search, the mutation scale, or the population size based on runtime feedback like the improvement rate, budget remaining, or the condition number of the Hessian matrix."
None,Optimizer,0.216081.,Mean loss: 0.216081. Best single run: 0.157465.
None,Optimizer,0.216081.,"Mean loss: 0.216081. Best single run: 0.157465.



Take a completely different evolutionary or meta-heuristic paradigm (e.g., Swarm Intelligence, Simulated Annealing, or a Multi-Armed Bandit selector for operators) and adapt it specifically to exploit this 24D, second-order-enabled landscape."
None,Optimizer,0.216081.,"Mean loss: 0.216081. Best single run: 0.157465.



Take a completely different evolutionary or meta-heuristic paradigm (e.g., Swarm Intelligence, Simulated Annealing, or a Multi-Armed Bandit selector for operators) and adapt it specifically to exploit this 24D, second-order-enabled landscape."
None,Optimizer,0.216081.,"Mean loss: 0.216081. Best single run: 0.157465.



Introduce a self-tuning or adaptive mechanism. For example, dynamically adjust the frequency of local search, the mutation scale, or the population size based on runtime feedback like the improvement rate, budget remaining, or the condition number of the Hessian matrix."
None,Optimizer,0.216081.,"Mean loss: 0.216081. Best single run: 0.157465.



Critically analyze the algorithmic structure you just generated. Propose a novel exploration strategy that better escapes deep, infeasible local minima in the continuous subspace, while still utilizing the exact Hessian for rapid convergence when trapped in a promising basin."
None,Optimizer,0.216081.,"Mean loss: 0.216081. Best single run: 0.157465.



Critically analyze the algorithmic structure you just generated. Propose a novel exploration strategy that better escapes deep, infeasible local minima in the continuous subspace, while still utilizing the exact Hessian for rapid convergence when trapped in a promising basin."
None,Optimizer,0.216081.,"Mean loss: 0.216081. Best single run: 0.157465.



Critically analyze the algorithmic structure you just generated. Propose a novel exploration strategy that better escapes deep, infeasible local minima in the continuous subspace, while still utilizing the exact Hessian for rapid convergence when trapped in a promising basin."
None,Optimizer,0.147229.,Mean loss: 0.147229. Best single run: 0.136994.
None,Optimizer,-0.14722931549987833,
None,Optimizer,0.216081.,"Mean loss: 0.216081. Best single run: 0.157465.



Take a completely different evolutionary or meta-heuristic paradigm (e.g., Swarm Intelligence, Simulated Annealing, or a Multi-Armed Bandit selector for operators) and adapt it specifically to exploit this 24D, second-order-enabled landscape."
None,Optimizer,0.216081.,Mean loss: 0.216081. Best single run: 0.157465.
None,Optimizer,0.216081.,"Mean loss: 0.216081. Best single run: 0.157465.



Take a completely different evolutionary or meta-heuristic paradigm (e.g., Swarm Intelligence, Simulated Annealing, or a Multi-Armed Bandit selector for operators) and adapt it specifically to exploit this 24D, second-order-enabled landscape."
None,Optimizer,0.147229.,"Mean loss: 0.147229. Best single run: 0.136994.



Introduce a self-tuning or adaptive mechanism. For example, dynamically adjust the frequency of local search, the mutation scale, or the population size based on runtime feedback like the improvement rate, budget remaining, or the condition number of the Hessian matrix."
None,Optimizer,0.147229.,Mean loss: 0.147229. Best single run: 0.136994.
None,Optimizer,0.216081.,"Mean loss: 0.216081. Best single run: 0.157465.



Introduce a self-tuning or adaptive mechanism. For example, dynamically adjust the frequency of local search, the mutation scale, or the population size based on runtime feedback like the improvement rate, budget remaining, or the condition number of the Hessian matrix."
None,Optimizer,0.147229.,"Mean loss: 0.147229. Best single run: 0.136994.



Take a completely different evolutionary or meta-heuristic paradigm (e.g., Swarm Intelligence, Simulated Annealing, or a Multi-Armed Bandit selector for operators) and adapt it specifically to exploit this 24D, second-order-enabled landscape."
None,Optimizer,0.216081.,"Mean loss: 0.216081. Best single run: 0.157465.



Take a completely different evolutionary or meta-heuristic paradigm (e.g., Swarm Intelligence, Simulated Annealing, or a Multi-Armed Bandit selector for operators) and adapt it specifically to exploit this 24D, second-order-enabled landscape."
None,Optimizer,0.216081.,"Mean loss: 0.216081. Best single run: 0.157465.



Critically analyze the algorithmic structure you just generated. Propose a novel exploration strategy that better escapes deep, infeasible local minima in the continuous subspace, while still utilizing the exact Hessian for rapid convergence when trapped in a promising basin."
None,Optimizer,0.216081.,"Mean loss: 0.216081. Best single run: 0.157465.



Take a completely different evolutionary or meta-heuristic paradigm (e.g., Swarm Intelligence, Simulated Annealing, or a Multi-Armed Bandit selector for operators) and adapt it specifically to exploit this 24D, second-order-enabled landscape."
None,Optimizer,0.147229.,"Mean loss: 0.147229. Best single run: 0.136994.



Critically analyze the algorithmic structure you just generated. Propose a novel exploration strategy that better escapes deep, infeasible local minima in the continuous subspace, while still utilizing the exact Hessian for rapid convergence when trapped in a promising basin."
None,Optimizer,0.147229.,"Mean loss: 0.147229. Best single run: 0.136994.



Take a completely different evolutionary or meta-heuristic paradigm (e.g., Swarm Intelligence, Simulated Annealing, or a Multi-Armed Bandit selector for operators) and adapt it specifically to exploit this 24D, second-order-enabled landscape."
None,Optimizer,0.147229.,"Mean loss: 0.147229. Best single run: 0.136994.



Critically analyze the algorithmic structure you just generated. Propose a novel exploration strategy that better escapes deep, infeasible local minima in the continuous subspace, while still utilizing the exact Hessian for rapid convergence when trapped in a promising basin."
None,Optimizer,0.147229.,"Mean loss: 0.147229. Best single run: 0.136994.



Critically analyze the algorithmic structure you just generated. Propose a novel exploration strategy that better escapes deep, infeasible local minima in the continuous subspace, while still utilizing the exact Hessian for rapid convergence when trapped in a promising basin."
None,Optimizer,0.147229.,"Mean loss: 0.147229. Best single run: 0.136994.



Take a completely different evolutionary or meta-heuristic paradigm (e.g., Swarm Intelligence, Simulated Annealing, or a Multi-Armed Bandit selector for operators) and adapt it specifically to exploit this 24D, second-order-enabled landscape."
None,Optimizer,0.216081.,"Mean loss: 0.216081. Best single run: 0.157465.



Take a completely different evolutionary or meta-heuristic paradigm (e.g., Swarm Intelligence, Simulated Annealing, or a Multi-Armed Bandit selector for operators) and adapt it specifically to exploit this 24D, second-order-enabled landscape."
None,Optimizer,0.216081.,"Mean loss: 0.216081. Best single run: 0.157465.



Introduce a self-tuning or adaptive mechanism. For example, dynamically adjust the frequency of local search, the mutation scale, or the population size based on runtime feedback like the improvement rate, budget remaining, or the condition number of the Hessian matrix."
None,Optimizer,0.149166.,"Mean loss: 0.149166. Best single run: 0.091179.



Critically analyze the algorithmic structure you just generated. Propose a novel exploration strategy that better escapes deep, infeasible local minima in the continuous subspace, while still utilizing the exact Hessian for rapid convergence when trapped in a promising basin."
None,Optimizer,-0.1491656421802876,
None,Optimizer,0.147229.,Mean loss: 0.147229. Best single run: 0.136994.
None,Optimizer,0.149166.,Mean loss: 0.149166. Best single run: 0.091179.
None,Optimizer,0.147229.,"Mean loss: 0.147229. Best single run: 0.136994.



Critically analyze the algorithmic structure you just generated. Propose a novel exploration strategy that better escapes deep, infeasible local minima in the continuous subspace, while still utilizing the exact Hessian for rapid convergence when trapped in a promising basin."
None,Optimizer,0.147229.,Mean loss: 0.147229. Best single run: 0.136994.
None,Optimizer,0.147229.,Mean loss: 0.147229. Best single run: 0.136994.
None,Optimizer,0.149166.,"Mean loss: 0.149166. Best single run: 0.091179.



Introduce a self-tuning or adaptive mechanism. For example, dynamically adjust the frequency of local search, the mutation scale, or the population size based on runtime feedback like the improvement rate, budget remaining, or the condition number of the Hessian matrix."
None,Optimizer,0.147229.,"Mean loss: 0.147229. Best single run: 0.136994.



Take a completely different evolutionary or meta-heuristic paradigm (e.g., Swarm Intelligence, Simulated Annealing, or a Multi-Armed Bandit selector for operators) and adapt it specifically to exploit this 24D, second-order-enabled landscape."
None,Optimizer,0.147229.,"Mean loss: 0.147229. Best single run: 0.136994.



Take a completely different evolutionary or meta-heuristic paradigm (e.g., Swarm Intelligence, Simulated Annealing, or a Multi-Armed Bandit selector for operators) and adapt it specifically to exploit this 24D, second-order-enabled landscape."
None,Optimizer,0.147229.,"Mean loss: 0.147229. Best single run: 0.136994.



Critically analyze the algorithmic structure you just generated. Propose a novel exploration strategy that better escapes deep, infeasible local minima in the continuous subspace, while still utilizing the exact Hessian for rapid convergence when trapped in a promising basin."
None,Optimizer,0.147229.,"Mean loss: 0.147229. Best single run: 0.136994.



Take a completely different evolutionary or meta-heuristic paradigm (e.g., Swarm Intelligence, Simulated Annealing, or a Multi-Armed Bandit selector for operators) and adapt it specifically to exploit this 24D, second-order-enabled landscape."
None,Optimizer,0.147229.,"Mean loss: 0.147229. Best single run: 0.136994.



Critically analyze the algorithmic structure you just generated. Propose a novel exploration strategy that better escapes deep, infeasible local minima in the continuous subspace, while still utilizing the exact Hessian for rapid convergence when trapped in a promising basin."
None,Optimizer,0.147229.,"Mean loss: 0.147229. Best single run: 0.136994.



Critically analyze the algorithmic structure you just generated. Propose a novel exploration strategy that better escapes deep, infeasible local minima in the continuous subspace, while still utilizing the exact Hessian for rapid convergence when trapped in a promising basin."
None,Optimizer,0.147229.,Mean loss: 0.147229. Best single run: 0.136994.
None,Optimizer,0.147229.,"Mean loss: 0.147229. Best single run: 0.136994.



Introduce a self-tuning or adaptive mechanism. For example, dynamically adjust the frequency of local search, the mutation scale, or the population size based on runtime feedback like the improvement rate, budget remaining, or the condition number of the Hessian matrix."
None,Optimizer,0.147229.,"Mean loss: 0.147229. Best single run: 0.136994.



Take a completely different evolutionary or meta-heuristic paradigm (e.g., Swarm Intelligence, Simulated Annealing, or a Multi-Armed Bandit selector for operators) and adapt it specifically to exploit this 24D, second-order-enabled landscape."
None,Optimizer,0.147229.,"Mean loss: 0.147229. Best single run: 0.136994.



Take a completely different evolutionary or meta-heuristic paradigm (e.g., Swarm Intelligence, Simulated Annealing, or a Multi-Armed Bandit selector for operators) and adapt it specifically to exploit this 24D, second-order-enabled landscape."
None,Optimizer,0.147229.,"Mean loss: 0.147229. Best single run: 0.136994.



Introduce a self-tuning or adaptive mechanism. For example, dynamically adjust the frequency of local search, the mutation scale, or the population size based on runtime feedback like the improvement rate, budget remaining, or the condition number of the Hessian matrix."
None,Optimizer,0.147229.,"Mean loss: 0.147229. Best single run: 0.136994.



Take a completely different evolutionary or meta-heuristic paradigm (e.g., Swarm Intelligence, Simulated Annealing, or a Multi-Armed Bandit selector for operators) and adapt it specifically to exploit this 24D, second-order-enabled landscape."
None,Optimizer,0.147229.,"Mean loss: 0.147229. Best single run: 0.136994.



Take a completely different evolutionary or meta-heuristic paradigm (e.g., Swarm Intelligence, Simulated Annealing, or a Multi-Armed Bandit selector for operators) and adapt it specifically to exploit this 24D, second-order-enabled landscape."
None,Optimizer,0.147229.,"Mean loss: 0.147229. Best single run: 0.136994.



Critically analyze the algorithmic structure you just generated. Propose a novel exploration strategy that better escapes deep, infeasible local minima in the continuous subspace, while still utilizing the exact Hessian for rapid convergence when trapped in a promising basin."
None,Optimizer,0.147229.,"Mean loss: 0.147229. Best single run: 0.136994.



Introduce a self-tuning or adaptive mechanism. For example, dynamically adjust the frequency of local search, the mutation scale, or the population size based on runtime feedback like the improvement rate, budget remaining, or the condition number of the Hessian matrix."
None,Optimizer,0.147229.,"Mean loss: 0.147229. Best single run: 0.136994.



Take a completely different evolutionary or meta-heuristic paradigm (e.g., Swarm Intelligence, Simulated Annealing, or a Multi-Armed Bandit selector for operators) and adapt it specifically to exploit this 24D, second-order-enabled landscape."
None,Optimizer,,
