,0,1,2,3,4,5,6,7,8,9,10,11,12,13,14,15,16,17,18,19,20,21,22,23
0,64,90,31,73,86,94,8,91,45,92,19,13,69,81,72,64,41,26,21,15,43,87,1,32
1,96,80,29,33,70,64,71,96,95,82,36,69,73,95,97,8,43,94,95,87,72,58,55,46
2,13,9,26,63,23,50,97,45,60,2,18,34,31,25,68,94,66,81,5,48,96,33,10,20
3,43,42,28,28,82,81,65,20,29,92,27,95,6,31,32,49,45,17,57,26,8,38,9,5
4,84,55,25,3,56,20,94,51,18,17,84,38,24,20,29,22,3,42,65,65,6,86,48,41
5,56,35,17,60,70,23,1,66,88,13,1,83,82,31,8,4,10,9,30,75,37,38,53,26
6,89,60,32,64,9,23,10,84,95,63,27,5,50,70,89,55,50,16,36,32,48,11,57,68
7,9,75,61,71,86,37,9,15,80,7,8,59,77,93,39,34,91,46,81,79,24,15,21,32
8,20,38,25,98,41,17,25,26,67,32,32,83,44,24,22,97,28,70,69,7,63,39,42,5
9,21,7,85,6,13,29,4,87,60,35,66,61,95,86,30,65,79,3,99,98,86,52,32,64
10,17,41,67,53,89,77,36,94,45,39,4,91,98,78,13,62,49,85,38,5,58,36,45,79
11,76,43,36,42,51,33,8,90,32,94,90,74,39,43,23,34,22,48,90,62,58,11,80,47
12,49,54,52,24,63,6,2,33,47,66,68,49,45,80,63,17,90,38,27,96,78,86,84,45
13,7,72,11,33,83,54,94,3,65,25,12,80,43,8,47,85,10,99,63,67,38,95,38,44
14,14,98,10,43,97,38,56,80,59,68,21,50,30,24,11,93,50,60,76,54,99,78,93,43
15,18,54,39,69,24,78,60,69,82,97,34,19,33,16,85,47,28,35,10,48,43,65,43,80
16,25,35,6,29,84,25,8,10,60,78,85,98,88,66,42,98,87,23,63,27,33,48,4,13
17,31,2,96,71,78,48,57,49,26,67,92,38,63,99,98,47,9,72,10,64,32,82,92,90
18,83,52,2,69,64,88,27,75,88,85,67,23,68,66,85,55,9,76,56,49,9,36,81,21
19,99,33,42,75,75,48,12,25,92,38,64,26,1,79,69,29,78,34,78,63,59,17,14,12
20,80,76,41,57,20,3,79,14,95,48,62,10,26,31,55,4,24,2,17,3,29,20,79,1
21,30,66,71,37,59,18,99,59,89,60,34,16,43,91,4,77,60,92,33,51,39,58,13,91
22,43,30,66,4,77,46,57,90,40,37,79,26,48,82,27,37,14,11,15,82,20,68,50,78
23,24,40,5,23,78,61,66,7,21,92,54,70,22,66,10,66,47,39,57,25,43,46,87,20
24,82,11,20,94,67,45,72,95,45,93,43,71,65,4,84,25,96,61,58,38,5,64,58,36
25,66,58,68,17,99,6,73,98,33,35,64,51,37,14,71,6,61,21,47,41,46,6,13,36
26,69,12,61,46,40,78,30,4,52,64,40,46,8,64,29,59,90,83,41,45,64,32,34,2
27,71,70,27,37,93,60,96,70,64,3,63,67,94,31,67,17,85,28,82,76,91,12,39,84
28,52,61,19,4,50,15,24,29,62,94,82,31,16,16,73,90,11,54,34,17,77,29,13,65
29,36,68,26,49,97,60,48,81,91,93,74,62,66,55,64,64,21,55,64,15,71,83,69,78
30,83,59,83,3,92,92,25,58,89,18,91,55,83,37,11,77,85,39,54,92,5,21,17,58
31,4,54,2,48,61,36,96,15,12,9,77,25,43,63,6,53,36,20,83,91,59,64,26,4
32,25,26,88,32,54,5,64,85,47,97,41,22,89,93,77,87,61,17,39,9,21,14,90,97
33,90,78,46,68,80,84,94,87,10,86,61,99,30,2,58,56,72,97,33,54,53,15,26,16
34,77,63,76,90,85,88,66,32,85,71,82,97,35,57,61,91,87,61,24,24,14,7,47,5
35,1,13,85,67,63,54,24,86,91,92,58,6,81,45,98,90,32,57,38,23,4,69,94,99
36,73,8,10,57,88,51,44,33,50,51,65,11,85,27,96,12,19,43,18,51,49,58,30,3
37,88,16,29,27,42,28,80,31,17,99,51,67,38,27,98,42,2,85,63,33,17,65,88,84
38,1,38,87,80,3,89,87,10,42,71,98,87,29,85,45,75,4,4,92,67,52,28,29,76
39,8,4,43,43,12,62,8,5,80,10,13,77,79,24,25,88,58,5,57,17,74,78,20,1
40,89,77,95,97,79,42,42,28,83,19,92,67,73,87,80,31,66,76,56,98,69,98,45,51
41,29,69,90,38,59,68,52,17,51,19,38,52,30,92,91,18,87,91,50,10,98,65,10,22
42,24,25,14,42,8,62,33,53,53,51,49,1,87,47,43,48,99,17,4,67,19,77,50,22
43,92,39,47,25,7,26,39,94,29,45,19,24,44,70,69,22,91,81,58,52,17,88,99,93
44,21,69,59,98,39,72,2,74,56,14,38,20,24,7,74,15,80,22,64,71,72,89,6,82
45,55,41,65,97,15,20,84,18,10,3,42,71,6,53,70,92,56,82,93,3,56,47,93,79
46,30,93,44,99,24,49,39,79,77,88,70,85,19,19,51,63,80,71,89,24,51,20,63,22
47,8,24,68,14,90,96,68,52,69,77,93,87,49,68,52,42,35,98,66,41,98,87,44,12
48,78,91,81,24,61,77,74,66,41,20,10,10,54,43,29,66,8,85,38,64,55,66,49,58
49,62,67,94,44,24,45,57,75,79,34,17,92,3,7,3,8,12,64,56,45,19,68,30,95
50,60,24,42,54,13,94,75,36,54,61,50,45,64,71,35,56,40,39,7,72,78,88,12,12
51,65,89,53,5,18,21,75,33,77,88,81,14,69,67,80,72,64,2,13,16,71,21,39,73
52,74,34,26,25,25,80,59,93,81,43,1,24,60,47,62,5,74,57,24,60,81,48,21,35
53,21,82,43,37,5,64,81,97,91,10,71,93,46,41,5,63,31,67,79,4,23,2,55,8
54,54,47,60,44,62,86,47,31,26,38,19,54,55,60,36,1,65,66,80,57,28,52,75,81
55,31,45,55,8,85,92,72,33,47,54,37,25,67,97,72,42,50,99,59,22,7,92,41,39
56,92,10,82,94,34,19,96,23,33,9,60,93,77,87,54,57,12,23,60,28,44,95,67,5
57,52,46,8,82,90,51,59,46,29,27,47,45,77,13,80,84,21,67,46,22,46,65,38,58
58,78,85,60,5,39,26,40,45,20,78,6,50,7,34,97,44,99,71,98,43,3,79,78,88
59,38,4,26,37,99,69,71,15,47,57,39,48,57,20,72,86,70,29,58,5,5,16,43,79
60,47,38,4,78,30,3,72,47,97,96,29,69,98,88,64,35,85,5,78,98,35,28,15,89
61,93,5,4,9,58,65,14,70,47,14,22,63,70,14,75,67,70,42,56,91,44,64,3,80
62,46,51,95,41,91,28,92,9,65,93,98,26,69,80,94,11,96,56,62,80,97,91,99,20
63,5,32,29,53,13,29,54,15,44,99,92,34,55,28,84,73,62,57,46,15,1,12,78,89
64,29,51,47,50,56,39,55,16,9,57,75,77,99,76,6,93,83,93,24,22,97,44,88,9
65,56,98,29,6,80,51,62,42,7,83,89,83,88,39,44,75,86,7,34,54,11,89,8,38
66,20,18,73,68,16,42,62,96,76,27,29,96,81,22,77,99,19,70,99,92,27,42,53,93
67,60,94,99,50,22,62,11,61,50,60,85,34,48,54,58,79,10,80,66,84,16,80,1,77
68,96,56,60,45,45,40,33,70,84,47,45,97,49,56,7,99,57,53,90,31,26,69,31,84
69,11,23,1,81,78,68,5,23,99,8,85,45,41,86,15,60,69,1,14,74,10,83,74,64
70,62,96,29,15,18,42,52,47,37,23,15,61,14,82,16,72,10,46,27,81,4,10,24,3
71,20,68,27,85,67,77,70,79,45,56,94,77,63,88,85,17,96,62,60,57,46,50,50,16
72,43,18,26,43,61,23,15,64,93,42,98,92,68,90,77,3,24,99,46,25,61,58,96,13
73,26,64,8,14,53,75,1,18,85,92,1,82,68,77,96,50,49,8,90,72,16,61,32,19
74,81,57,16,34,24,35,58,9,85,48,49,62,40,48,37,21,62,28,83,28,21,17,66,6
75,73,5,84,15,31,52,42,15,19,90,1,16,87,15,83,89,3,31,89,62,75,36,49,29
76,71,97,44,16,8,59,64,73,70,49,21,23,59,10,99,69,45,95,86,54,99,14,63,71
77,9,49,91,78,14,56,73,66,96,35,35,48,39,44,85,81,3,21,62,11,24,76,72,70
78,41,50,75,49,22,32,39,59,52,23,55,81,81,50,7,67,44,12,42,20,42,48,29,47
79,62,31,79,49,93,66,74,47,54,30,51,88,65,33,37,84,90,11,5,24,18,38,22,1
80,67,34,46,35,72,37,20,43,32,83,66,97,65,98,67,7,90,19,43,66,14,91,91,70
81,65,53,18,80,37,27,91,48,33,49,32,3,49,21,54,31,51,65,32,40,61,58,53,9
82,92,72,2,98,4,68,70,61,66,54,70,72,49,72,32,85,5,27,5,87,17,18,48,30
83,23,65,91,79,76,14,32,1,51,41,22,90,46,76,37,55,56,80,90,38,58,96,55,32
84,78,61,91,86,15,49,93,33,68,12,57,26,93,37,20,53,40,11,96,5,21,57,45,83
85,43,81,13,58,1,73,37,82,25,13,43,89,44,42,4,78,77,50,21,43,11,60,97,44
86,19,76,66,12,44,11,6,66,70,30,55,88,42,8,42,25,30,45,87,62,33,90,9,64
87,22,23,80,91,81,76,42,85,32,73,49,23,64,82,38,76,56,1,41,58,73,72,46,24
88,98,34,43,56,36,64,45,11,93,94,18,70,59,14,43,73,47,14,85,45,27,17,80,3
89,16,20,91,98,49,30,97,28,32,16,89,91,1,42,3,7,15,12,53,16,43,87,36,46
90,48,40,34,80,82,68,32,34,13,97,68,45,66,72,96,8,72,91,59,31,16,87,43,30
91,61,3,30,9,62,30,89,1,55,18,88,76,59,90,37,16,1,36,9,23,33,46,30,73
92,99,76,67,46,81,23,85,80,61,72,61,36,31,59,68,41,38,99,63,60,88,68,86,74
93,49,70,85,67,13,24,67,51,41,44,62,86,78,30,20,25,31,18,87,93,14,47,79,4
94,44,16,22,77,31,44,32,98,50,40,49,88,70,79,71,38,30,81,70,63,44,67,95,8
95,16,1,37,63,24,82,26,32,61,29,20,2,17,50,38,50,70,70,2,70,82,37,75,83
96,57,56,28,96,7,51,77,19,27,87,55,97,98,19,34,16,11,59,54,1,13,10,55,48
97,29,16,64,49,98,27,56,31,54,88,11,88,58,5,49,20,97,15,9,96,81,5,84,98
98,58,49,26,53,90,57,49,36,52,47,59,24,96,3,27,66,58,70,62,80,71,58,84,84
99,98,22,95,78,97,23,11,34,36,58,43,36,72,24,14,46,45,82,43,6,17,29,1,44
100,95,92,37,12,7,85,97,67,79,6,87,85,15,70,19,64,74,40,40,26,8,7,84,44
101,86,88,59,22,81,31,66,10,18,36,22,20,71,92,71,3,7,21,8,1,50,36,9,2
102,34,44,95,47,44,30,4,57,25,90,4,46,36,57,86,4,73,72,83,67,89,1,92,27
103,96,80,49,29,60,7,17,33,29,53,11,4,68,70,68,15,4,69,50,24,85,10,50,27
104,69,26,91,32,8,71,74,22,89,45,29,12,88,68,4,92,16,85,94,33,61,39,97,95
105,17,35,44,15,5,8,93,39,85,64,67,51,76,27,87,73,98,75,80,5,92,20,73,23
106,60,2,31,50,24,2,8,98,25,89,26,62,18,17,95,48,42,48,87,11,38,48,64,19
107,44,24,23,98,19,3,23,62,64,88,82,91,98,82,89,87,7,6,93,74,82,76,26,12
108,18,6,58,58,28,15,7,60,48,71,93,81,86,57,29,55,4,77,61,65,40,21,65,85
109,27,38,75,83,96,45,76,13,53,68,20,76,22,98,97,19,17,11,40,36,48,54,33,80
110,89,40,81,15,20,17,45,20,52,8,35,17,65,67,59,4,17,14,31,23,97,74,18,43
111,8,1,38,68,14,62,93,47,20,53,99,61,4,20,59,50,64,71,99,65,37,29,54,65
112,66,60,20,41,89,39,28,38,63,39,15,11,41,80,33,56,46,21,20,48,46,20,87,33
113,73,61,11,56,37,99,66,34,71,37,22,27,32,28,41,30,72,85,88,86,72,14,50,87
114,84,19,45,13,60,25,65,16,12,61,98,8,53,66,45,38,74,48,89,54,35,65,45,83
115,89,96,44,51,29,38,56,26,84,73,82,53,85,13,54,64,53,33,69,97,66,54,30,95
116,30,64,51,24,76,42,5,78,38,66,21,18,94,24,69,59,41,69,55,45,33,91,25,85
117,69,90,33,11,60,32,12,26,19,67,74,17,38,90,96,14,98,77,14,62,24,77,9,89
118,79,24,51,38,6,15,63,37,93,99,25,35,44,93,39,72,56,11,16,62,18,87,87,92
119,73,26,94,49,64,84,30,76,42,92,45,53,4,77,65,30,83,36,11,43,4,11,46,94
120,33,78,2,27,46,80,8,3,88,33,41,65,49,98,98,44,27,31,61,75,6,4,93,30
121,44,77,71,9,96,69,93,72,11,62,41,8,10,65,64,49,8,83,73,6,50,66,97,2
122,12,52,36,89,65,90,7,53,39,31,83,36,3,79,75,56,99,18,97,18,68,57,73,71
123,58,74,15,15,23,1,83,60,30,63,48,86,86,14,49,47,38,14,43,82,52,37,88,77
124,63,65,64,44,57,80,65,97,92,65,76,69,48,66,27,93,90,33,48,17,77,18,10,65
125,9,39,83,68,50,5,27,27,28,72,17,50,2,13,56,48,69,9,85,31,32,57,4,81
126,6,5,41,85,74,49,79,31,53,69,59,7,43,56,59,46,10,44,83,9,36,69,72,57
127,42,15,78,71,6,4,26,55,57,92,47,54,23,98,79,97,41,38,85,9,84,28,83,97
128,5,3,67,56,13,2,44,58,33,75,20,54,63,69,73,86,80,11,20,56,96,93,78,76
129,80,55,82,27,60,78,60,28,5,97,49,19,12,22,10,50,48,16,73,43,72,53,26,57
130,76,93,17,11,73,59,67,37,62,34,67,37,53,19,92,32,47,15,45,61,78,24,20,50
131,9,21,26,85,93,32,43,71,44,96,5,24,64,98,58,74,92,97,35,94,59,59,69,59
132,67,92,47,39,11,11,42,55,11,7,1,6,79,1,41,71,4,93,67,78,33,89,15,27
133,89,54,53,42,96,66,67,94,52,51,65,33,57,97,15,33,64,4,60,74,30,56,53,19
134,18,19,4,50,27,68,31,69,6,82,57,60,7,59,25,79,9,72,9,63,46,71,20,97
135,9,56,7,72,60,8,58,74,77,99,10,69,45,38,38,79,9,94,51,38,59,54,12,2
136,85,70,17,98,54,18,63,4,4,70,72,10,18,95,60,81,74,36,52,57,99,46,21,2
137,26,15,32,40,33,38,18,6,4,62,47,72,40,92,11,60,27,95,33,64,2,61,72,86
138,69,51,91,1,77,10,38,3,80,34,11,94,14,68,17,95,2,33,16,16,74,62,66,51
139,71,16,72,41,55,29,3,78,1,52,21,12,23,54,71,63,63,75,11,55,3,88,49,39
140,80,78,53,74,74,91,57,17,52,46,49,35,55,26,84,80,28,67,15,23,30,84,33,74
141,91,39,64,43,39,23,27,42,59,78,55,52,28,95,27,19,81,98,91,68,78,63,31,68
142,12,26,37,1,56,96,17,56,51,56,86,70,36,98,33,19,27,35,38,69,95,39,45,63
143,51,74,52,84,38,43,97,61,47,4,85,88,1,89,36,90,81,55,24,42,91,89,2,71
144,46,52,55,98,98,14,61,70,33,32,57,43,87,18,98,73,20,64,69,12,59,42,41,96
145,42,95,37,59,7,51,2,94,87,53,1,62,92,16,92,48,81,77,91,34,26,30,57,8
146,6,72,18,83,28,12,41,18,86,84,17,75,20,19,70,49,98,80,1,70,54,54,10,31
147,49,82,68,67,94,1,40,94,85,61,84,79,95,53,53,85,20,63,29,79,73,87,21,11
148,82,83,94,42,32,61,97,75,92,99,33,57,62,98,13,31,49,26,49,2,8,63,39,17
149,41,62,15,38,98,94,64,45,41,54,67,34,2,34,31,94,43,50,18,8,80,58,51,50
150,98,69,18,96,70,56,21,60,94,84,3,34,32,54,39,42,61,44,14,24,22,25,2,43
151,10,50,86,45,22,70,57,22,96,7,64,34,36,26,3,14,82,82,11,26,15,25,15,22
152,30,27,21,2,66,77,30,31,97,82,62,92,7,88,43,85,12,70,78,32,75,91,81,31
153,56,66,19,51,97,77,2,50,2,99,90,31,96,80,9,39,92,18,69,17,3,69,14,91
154,80,80,15,32,83,21,16,60,21,78,59,31,39,52,78,41,21,11,57,29,21,96,45,94
155,47,72,68,6,84,50,49,54,37,10,94,65,40,50,57,95,91,21,52,47,10,68,75,50
156,52,11,31,91,30,78,94,39,92,25,44,36,43,56,72,26,97,83,64,49,36,68,76,67
157,1,20,89,76,32,4,44,70,27,17,10,62,78,72,34,60,12,20,63,35,38,40,4,34
158,69,52,12,69,58,96,87,13,48,94,53,59,3,28,43,15,70,5,13,65,97,56,17,98
159,20,82,56,21,2,39,83,55,38,32,34,94,12,13,22,33,69,99,32,26,83,73,37,89
160,82,45,64,20,52,34,35,35,1,75,92,4,13,61,56,97,9,10,21,63,91,11,76,45
161,71,9,22,73,18,57,28,6,11,56,73,68,71,45,57,26,60,7,13,5,81,61,9,61
162,90,6,59,5,25,31,74,16,84,82,98,47,45,31,69,24,98,47,79,67,61,95,4,77
163,17,76,61,65,98,87,8,73,36,23,69,53,59,41,36,71,47,57,55,18,53,13,3,21
164,28,77,96,11,3,2,49,38,99,25,18,65,45,63,36,45,63,20,90,34,11,35,48,47
165,25,94,51,48,15,65,10,11,58,65,86,79,60,50,12,13,72,70,96,53,57,91,20,94
166,84,93,95,6,83,99,91,53,57,1,2,87,1,54,34,41,78,93,93,38,2,97,87,50
167,87,11,87,59,63,80,87,19,41,94,47,74,1,25,3,13,32,40,82,95,41,9,3,8
168,89,37,55,89,26,24,20,87,3,66,21,13,9,48,29,55,42,20,80,3,86,29,49,26
169,20,78,2,69,13,19,79,51,61,9,5,4,21,81,19,32,89,86,34,29,97,83,33,12
170,22,94,70,51,10,54,4,75,15,88,95,2,99,39,83,75,68,71,15,66,97,14,8,97
171,15,57,56,96,14,55,87,66,58,76,16,89,82,19,87,99,42,66,41,55,2,63,97,51
172,49,84,90,55,74,93,51,55,34,82,64,85,34,77,17,95,4,77,50,99,41,33,87,38
173,49,21,24,13,70,33,95,52,86,40,58,50,20,99,51,14,30,74,88,65,93,88,38,83
174,58,58,42,10,2,37,37,36,57,43,69,72,66,42,2,38,66,84,57,14,2,29,50,4
175,53,40,37,14,14,3,64,65,52,50,22,33,90,66,46,75,37,83,92,24,42,23,14,21
176,74,64,65,27,11,21,89,66,67,5,16,71,96,55,4,70,89,1,94,84,79,34,89,65
177,88,37,59,39,44,80,9,10,2,34,4,76,49,33,53,21,58,72,45,53,73,25,75,13
178,74,64,23,3,39,43,55,81,82,46,60,29,10,5,50,37,41,73,34,75,43,34,87,50
179,8,55,56,73,59,96,89,1,44,54,71,40,79,49,83,77,80,78,96,5,73,43,39,32
180,5,93,25,95,12,51,82,60,95,18,59,47,5,68,58,8,55,3,95,77,28,37,8,47
181,62,15,59,21,65,79,81,19,96,41,40,87,99,16,85,95,96,10,60,82,24,41,78,37
182,88,40,28,48,69,95,40,5,26,80,83,62,81,62,11,67,2,45,50,96,12,10,51,2
183,19,17,7,17,51,8,52,79,11,18,48,98,32,69,47,88,76,82,83,85,16,56,12,32
184,40,69,56,32,40,66,66,74,77,54,82,89,50,50,25,53,39,50,12,89,1,8,50,28
185,85,64,2,66,1,91,53,54,15,15,4,7,51,16,34,50,19,1,26,99,72,45,23,6
186,66,41,85,9,97,20,41,75,48,11,60,34,99,67,27,98,99,72,36,19,43,97,75,97
187,56,35,6,25,4,23,50,78,44,89,69,23,58,6,26,7,77,54,4,49,18,33,66,67
188,52,37,25,56,5,9,71,60,93,40,4,42,82,57,7,92,80,72,82,45,38,41,44,80
189,29,97,51,68,9,48,8,19,89,81,23,74,72,36,47,44,80,55,47,35,60,83,90,74
190,1,83,22,68,19,66,96,80,47,75,92,61,68,27,7,92,83,51,28,54,72,70,29,44
191,76,71,75,1,28,87,30,17,88,65,66,61,45,85,33,91,26,85,5,49,41,64,37,71
192,74,79,5,53,34,34,70,78,61,54,25,36,13,95,55,80,37,70,54,66,76,12,56,43
193,85,73,36,60,18,42,83,23,74,44,37,20,78,19,45,71,37,52,77,5,16,46,17,32
194,10,90,45,13,65,4,42,12,46,24,35,83,21,24,64,65,84,35,92,70,52,66,12,26
195,58,52,37,94,21,11,33,45,72,88,27,80,46,3,65,51,65,73,29,2,23,64,50,37
196,34,36,82,8,71,6,31,97,8,7,9,3,3,7,54,9,23,37,18,14,95,12,55,55
197,60,75,69,17,33,47,12,49,43,18,98,17,94,31,24,57,44,5,89,1,38,85,19,48
198,89,14,77,6,33,25,22,2,93,45,5,25,63,44,64,54,62,12,79,19,3,51,13,5
199,44,61,84,47,61,9,7,1,99,82,7,98,46,42,89,82,91,75,83,87,82,77,79,37
200,89,98,10,4,48,84,33,92,99,95,20,21,29,25,70,80,91,70,19,38,7,52,10,80
201,92,45,89,14,66,76,58,3,57,28,82,66,51,70,97,40,40,26,52,48,79,92,17,19
202,24,91,12,32,98,36,30,7,90,85,10,16,37,84,85,43,52,92,12,83,54,16,49,91
203,42,41,15,7,29,33,78,7,26,94,53,5,96,54,12,14,80,26,55,93,57,96,89,61
204,43,99,69,20,75,19,6,28,45,65,7,11,38,74,98,26,31,22,42,80,98,59,24,31
205,33,86,8,19,50,19,20,92,1,84,83,33,59,51,46,43,9,33,36,26,54,14,94,26
206,50,29,25,1,22,52,89,85,21,84,67,27,24,24,34,31,76,56,15,60,94,84,59,27
207,62,18,82,55,85,25,21,10,81,90,85,74,20,9,38,94,42,54,2,39,75,26,27,82
208,69,80,75,25,29,99,72,7,89,70,11,91,39,90,94,67,49,77,17,20,9,42,10,79
209,33,43,10,6,75,35,34,2,28,58,77,9,86,3,38,11,44,30,33,6,85,89,76,76
210,49,37,7,22,98,20,26,26,15,93,90,55,29,12,30,1,7,72,72,98,70,40,5,33
211,88,46,57,56,2,1,6,41,66,72,90,26,11,24,62,14,38,28,93,45,31,99,57,15
212,42,53,51,19,60,37,82,8,97,71,69,95,54,42,83,28,3,64,70,30,3,38,62,48
213,10,99,1,90,63,76,84,96,22,22,70,10,8,13,5,48,34,70,53,58,76,21,67,6
214,33,80,46,24,54,21,48,82,51,85,53,2,8,99,33,67,44,36,71,6,38,91,33,39
215,70,57,39,63,35,35,39,88,61,48,15,41,92,41,17,69,6,96,76,50,78,10,6,69
216,95,36,36,36,40,9,34,26,96,61,70,84,4,19,94,90,65,42,97,7,93,59,83,47
217,63,49,17,32,26,4,90,67,55,84,33,90,77,67,61,60,15,29,95,89,44,21,64,50
218,48,91,93,77,44,58,81,36,20,16,53,72,91,29,89,15,49,28,2,75,64,61,25,98
219,17,27,7,69,77,48,78,46,14,32,57,97,11,89,27,43,64,78,49,23,78,1,14,91
220,68,79,81,84,42,83,87,38,63,23,69,47,6,23,88,93,15,7,50,97,84,27,30,40
221,24,23,77,53,49,5,42,89,65,29,86,52,33,55,28,90,6,67,5,35,51,55,39,21
222,66,42,51,45,14,41,2,53,36,76,60,82,57,50,4,53,96,1,1,85,14,21,42,68
223,56,16,42,37,43,71,85,62,11,34,20,76,96,58,89,94,68,66,94,15,46,43,3,4
224,76,6,72,89,34,50,12,50,1,20,61,89,95,15,52,41,46,80,44,99,33,35,87,77
225,61,80,71,45,63,90,76,62,15,33,10,10,25,73,14,29,4,60,56,5,61,4,91,2
226,19,82,34,33,2,2,15,40,74,42,47,74,50,25,85,34,78,52,16,31,98,42,22,17
227,75,63,48,73,4,79,46,67,10,38,29,12,73,19,89,20,44,99,54,91,60,69,74,82
228,90,42,35,18,61,15,67,58,21,42,25,62,60,87,56,19,93,60,73,68,19,14,17,53
229,17,40,20,79,66,66,96,3,81,86,1,97,41,25,81,96,42,31,7,37,55,20,37,69
230,85,26,84,94,42,25,75,52,68,52,41,60,13,79,61,75,3,92,51,44,65,90,91,3
231,55,36,50,52,10,73,10,19,88,42,76,58,31,20,4,62,92,72,93,89,49,43,20,23
232,8,14,93,40,3,93,19,51,37,12,15,36,22,53,4,53,87,62,46,63,70,2,98,32
233,26,43,67,79,61,13,90,46,10,31,6,22,12,65,46,11,75,48,50,55,60,72,50,41
234,15,77,23,85,79,77,47,27,22,43,18,6,98,36,20,22,72,18,1,1,55,55,77,1
235,78,69,94,61,86,11,32,53,70,48,5,36,14,87,89,16,9,73,47,25,59,58,81,52
236,36,58,21,1,97,19,89,24,77,98,30,13,34,31,88,45,68,81,78,72,45,45,72,29
237,92,69,18,92,92,96,66,59,99,85,64,45,91,36,90,38,74,72,59,18,63,89,52,36
238,24,84,25,44,7,27,68,96,55,86,43,54,50,41,59,28,79,34,25,23,97,7,68,8
239,33,80,44,97,39,27,56,43,68,45,68,88,1,10,63,60,5,7,71,49,10,88,30,21
240,76,79,60,65,45,95,30,74,70,46,1,66,33,51,44,57,7,98,39,5,17,83,49,84
241,94,86,70,94,94,83,67,32,62,60,11,21,21,35,59,60,26,84,52,23,30,59,58,88
242,46,16,35,69,35,77,50,54,99,84,66,7,27,59,55,28,19,11,19,28,6,1,42,88
243,29,23,44,6,5,29,80,23,7,8,26,18,97,81,10,70,87,49,59,32,84,92,46,94
244,55,49,34,65,3,18,69,97,75,57,36,58,71,64,35,1,10,59,10,58,68,17,26,44
245,20,91,7,40,92,94,96,70,17,35,87,54,7,8,78,54,8,13,32,24,34,30,5,28
246,49,48,55,93,78,72,26,89,96,64,15,63,2,82,64,68,52,61,57,46,81,67,21,69
247,67,86,28,98,74,60,9,51,35,66,46,62,22,19,74,34,10,47,76,34,18,15,75,52
248,20,54,69,17,27,6,79,25,61,57,63,59,12,67,92,29,44,37,31,60,51,49,79,84
249,67,35,48,52,90,79,21,20,97,30,20,61,28,26,68,52,48,89,66,65,75,59,20,90
250,36,26,49,40,11,14,91,99,22,13,31,31,12,95,15,4,29,2,58,92,49,63,40,93
251,50,99,62,33,77,89,17,25,40,89,24,30,31,47,69,97,1,78,59,86,70,43,50,28
252,84,67,90,63,13,71,60,87,75,34,85,93,66,51,3,98,74,30,22,82,98,97,72,98
253,28,79,57,1,75,85,28,28,7,87,24,34,92,16,73,67,28,30,83,56,61,44,28,96
254,93,35,46,26,73,99,5,82,97,43,62,23,51,58,66,28,97,12,11,98,59,30,10,81
255,97,22,55,22,65,33,50,25,84,57,68,13,45,82,13,40,75,63,68,31,36,28,24,38
256,77,40,82,75,14,25,57,56,79,36,98,10,43,91,9,58,96,50,95,59,44,4,75,48
257,25,67,66,13,46,1,25,57,22,92,92,83,88,10,79,51,77,75,43,79,94,33,27,76
258,24,35,85,5,25,60,78,86,31,50,10,88,24,11,29,17,11,62,56,38,3,84,16,59
259,50,98,93,90,94,82,93,66,51,13,78,17,92,53,33,34,41,32,83,78,86,99,67,69
260,55,68,16,79,11,3,55,64,54,6,2,40,30,58,81,91,47,54,36,4,87,88,26,92
261,3,77,1,67,82,92,73,8,92,23,75,3,46,11,37,93,41,45,67,14,76,86,32,6
262,37,59,63,80,44,14,54,47,28,93,85,58,85,43,65,39,37,43,55,7,23,71,62,80
263,6,21,86,99,63,2,7,36,91,56,48,86,82,12,15,73,2,51,88,80,9,26,43,4
264,34,34,88,36,81,10,88,34,22,96,24,27,79,99,47,3,99,51,18,62,56,62,52,49
265,52,51,30,58,11,52,11,81,42,24,92,6,26,8,42,93,9,30,51,17,38,64,15,75
266,25,38,12,81,54,17,97,95,50,37,42,9,52,37,68,49,20,1,14,28,38,24,32,15
267,57,63,74,63,48,82,36,54,95,27,86,74,47,85,7,40,23,51,21,51,62,38,10,92
268,16,33,74,23,30,86,58,57,43,48,80,57,14,18,73,97,75,99,49,58,47,42,87,67
269,12,26,6,11,75,78,39,93,62,87,36,25,25,72,53,50,17,10,1,65,86,74,40,6
270,24,89,22,43,8,2,20,24,27,38,62,39,55,90,53,44,99,20,84,98,29,32,29,90
271,55,16,99,2,29,60,23,2,71,24,94,66,25,10,89,82,56,20,35,27,59,52,53,52
272,32,82,83,49,66,9,26,88,29,68,38,53,32,13,78,63,43,42,44,10,41,29,27,15
273,12,53,11,93,1,89,74,58,72,27,66,83,2,78,51,12,39,17,65,73,41,46,83,34
274,19,26,7,10,41,39,72,81,71,50,39,76,77,41,33,52,64,82,97,75,57,28,9,89
275,73,39,63,75,69,68,98,36,46,79,22,14,74,11,84,82,22,57,58,49,46,25,91,34
276,56,27,72,11,67,71,77,94,1,56,91,10,52,50,37,28,21,68,1,87,30,62,27,71
277,37,26,5,19,91,39,63,72,37,23,10,50,72,19,34,64,17,1,36,18,85,46,25,38
278,18,57,23,35,99,24,63,37,75,36,85,90,32,7,87,26,73,49,9,46,96,46,32,13
279,90,4,75,48,77,2,94,23,60,26,2,31,32,40,32,67,94,27,73,3,90,11,22,95
280,39,32,24,45,1,79,78,44,46,85,92,29,65,9,24,39,40,94,22,40,71,66,77,3
281,7,75,26,88,72,44,95,12,87,32,86,96,78,66,49,94,83,6,73,8,65,73,94,40
282,61,18,62,25,4,15,2,30,31,30,77,93,54,63,5,94,16,50,97,77,8,26,61,31
283,36,78,35,35,88,35,20,91,69,64,26,85,52,66,10,57,69,16,30,71,14,46,93,93
284,96,19,66,31,23,29,51,2,24,42,68,27,94,40,43,97,72,84,52,76,19,67,53,44
285,81,57,30,2,11,52,56,3,35,94,95,68,99,44,89,28,21,7,3,51,44,48,33,44
286,46,94,33,95,9,55,83,85,61,56,33,93,27,55,86,44,92,9,65,74,24,98,98,82
287,80,68,34,19,51,33,12,26,18,61,74,1,90,30,46,80,42,42,40,2,96,30,70,90
288,38,73,46,89,46,84,47,27,85,77,64,42,59,98,80,32,56,52,56,5,98,6,52,11
289,14,28,44,40,6,88,49,71,44,24,18,24,98,50,13,13,32,98,89,75,52,47,50,8
290,96,39,72,67,71,62,66,33,41,58,93,22,23,46,60,47,19,63,59,74,47,31,71,11
291,96,59,80,16,78,29,29,22,87,36,37,32,83,41,88,63,45,15,27,7,87,98,40,35
292,87,99,69,70,97,83,7,63,42,99,31,65,94,68,19,92,68,9,72,55,24,73,14,70
293,40,20,90,71,84,63,3,84,4,96,58,31,42,32,74,98,49,8,67,21,96,95,81,15
294,39,63,97,31,94,27,27,21,6,76,17,26,21,70,34,6,70,38,81,5,61,22,8,65
295,54,99,21,25,87,70,64,86,51,76,66,29,50,92,79,24,35,62,34,2,2,13,12,46
296,77,89,59,66,69,37,3,49,10,74,40,97,25,32,52,27,81,64,93,23,22,67,33,5
297,78,1,17,12,36,25,29,49,44,34,73,70,52,41,9,99,83,3,47,74,11,10,87,71
298,55,70,68,39,21,93,33,73,92,5,13,75,46,99,38,25,71,48,4,53,63,50,64,27
299,33,60,48,81,66,63,48,96,81,47,98,71,41,92,28,55,17,67,1,24,81,99,63,1
300,90,30,44,84,76,89,34,77,29,40,46,41,84,82,45,71,51,68,11,67,17,79,27,1
301,79,67,62,95,11,52,94,35,61,45,31,7,41,49,57,69,42,10,80,17,34,15,99,80
302,39,15,10,91,16,7,48,67,10,32,58,62,34,19,46,43,26,19,47,40,60,92,98,28
303,92,1,71,14,60,33,86,5,96,89,25,89,54,10,18,23,81,12,76,3,54,54,76,56
304,25,46,32,76,89,77,41,23,94,5,26,15,12,15,50,12,86,92,19,87,89,19,34,53
305,29,63,84,5,54,67,28,42,31,99,85,70,70,34,25,94,55,55,3,93,55,88,74,39
306,21,44,92,64,44,41,99,17,14,66,43,48,97,87,72,15,90,39,57,34,32,93,22,73
307,35,37,80,69,63,57,2,84,98,73,42,63,58,75,98,24,80,73,76,9,27,3,36,94
308,37,86,38,32,13,92,44,86,1,36,79,42,78,96,80,72,34,58,4,95,2,61,30,83
309,69,69,96,43,19,53,53,12,30,82,53,14,93,79,22,38,94,7,68,13,76,63,93,96
310,66,32,9,53,75,99,12,65,34,17,92,27,76,88,71,74,50,4,45,4,28,20,31,60
311,71,72,4,5,6,88,5,17,45,79,93,77,72,30,39,33,64,39,10,30,99,87,15,67
312,8,59,74,94,37,39,22,6,98,13,28,55,99,84,12,28,18,75,48,84,4,96,73,93
313,25,29,90,78,54,95,5,7,63,66,94,82,31,5,53,25,23,60,76,79,11,29,77,48
314,38,82,82,1,91,97,83,5,88,74,20,19,67,62,37,47,42,33,31,90,18,21,46,49
315,71,46,47,4,31,50,57,84,91,40,15,6,99,10,61,17,73,60,11,88,94,80,17,82
316,18,64,24,45,28,41,4,25,88,40,31,79,19,10,25,86,77,86,66,41,99,6,34,45
317,95,65,40,82,59,96,92,21,91,36,34,31,57,12,85,48,2,73,21,14,90,88,57,86
318,5,81,52,68,15,44,93,93,13,88,83,33,56,84,25,31,65,93,4,27,22,72,84,60
319,85,41,48,28,42,78,16,32,43,37,70,29,67,6,60,23,46,8,25,4,26,28,61,96
320,74,78,13,46,57,24,53,34,33,31,39,28,25,27,74,74,42,75,97,62,83,69,34,1
321,97,34,20,61,94,56,74,5,81,90,65,55,65,58,94,26,89,94,67,46,81,20,66,46
322,77,34,57,75,13,32,2,83,28,24,82,55,28,44,30,88,62,34,9,39,58,73,55,91
323,2,43,82,82,1,82,75,80,46,79,64,54,23,62,21,29,8,68,37,36,7,38,38,77
324,92,99,30,29,93,34,76,4,42,92,12,22,2,40,79,80,55,67,98,92,95,85,95,82
325,24,60,87,9,71,51,61,16,61,99,38,74,77,6,29,93,60,25,61,4,36,25,27,8
326,49,23,12,75,43,38,77,49,13,13,22,34,55,17,56,66,85,75,17,40,74,34,23,13
327,54,57,70,84,86,44,73,78,13,55,96,11,40,31,57,31,18,26,47,34,14,69,27,75
328,50,54,17,17,35,23,83,25,58,59,23,49,99,19,23,47,30,26,25,67,75,64,25,89
329,14,81,90,43,67,83,72,7,64,81,62,26,87,23,30,22,18,2,3,30,39,17,7,96
330,22,20,18,99,65,45,54,96,11,59,57,90,12,73,71,98,58,1,64,60,71,31,48,42
331,99,58,17,65,12,95,24,40,61,20,36,92,90,50,84,95,37,97,14,24,36,43,87,33
332,23,46,4,45,10,86,50,91,47,56,65,79,44,72,98,99,63,60,11,24,20,26,30,39
333,92,24,44,18,57,9,54,66,95,79,98,7,12,23,75,70,9,50,42,64,55,70,36,63
334,38,93,90,6,57,65,52,55,58,97,18,15,7,66,32,5,63,4,59,88,25,8,6,69
335,18,87,71,99,17,44,51,75,82,80,20,51,5,51,12,33,4,62,80,16,93,85,59,30
336,65,51,17,60,10,97,28,16,90,6,82,29,27,74,96,98,29,95,25,21,14,86,23,46
337,65,59,15,68,8,29,31,10,86,67,93,79,32,82,38,81,37,99,78,89,51,56,52,66
338,97,51,24,8,28,44,42,37,66,92,34,88,17,17,36,75,14,4,32,72,43,75,48,56
339,41,65,71,17,32,49,93,26,41,63,36,94,73,50,68,27,6,45,20,26,85,42,50,43
340,64,19,25,43,43,62,18,34,78,90,87,75,86,72,88,14,12,44,91,29,97,89,22,78
341,72,64,20,89,72,60,17,25,25,37,68,75,60,80,99,11,49,31,59,99,22,79,9,17
342,44,77,39,59,97,51,94,79,90,2,99,46,95,37,38,10,7,25,34,80,69,3,38,36
343,75,84,80,68,30,42,5,22,46,74,46,25,51,52,12,88,23,55,61,92,51,29,46,43
344,82,69,78,94,59,31,34,13,47,14,91,92,77,59,27,26,23,50,63,28,64,44,73,46
345,76,63,77,91,83,55,97,95,1,47,57,82,58,63,44,96,26,37,30,40,98,15,23,47
346,52,40,37,34,64,57,72,36,6,31,58,17,68,17,97,69,10,81,83,21,7,13,42,41
347,65,72,3,88,56,81,31,87,15,44,60,42,50,48,54,1,95,80,24,52,95,41,78,59
348,2,47,46,58,86,13,17,58,65,28,6,7,95,56,4,74,44,96,20,1,53,97,54,59
349,89,84,46,41,87,84,35,63,73,39,56,17,53,56,38,65,49,75,33,2,64,7,16,55
350,90,38,74,33,59,31,41,23,65,87,59,28,95,70,85,16,49,37,72,64,24,89,37,66
351,21,22,17,44,68,59,81,64,36,10,88,35,77,22,86,59,84,34,32,11,91,45,59,27
352,8,81,16,6,78,36,4,99,67,5,69,43,55,3,57,8,87,80,44,76,3,77,48,8
353,91,37,12,37,17,30,37,43,42,3,1,85,5,74,30,35,25,91,65,69,62,67,24,75
354,74,97,67,75,12,34,95,49,79,5,89,52,85,86,58,10,59,79,37,8,29,93,2,64
355,51,34,61,24,13,11,18,62,49,47,83,21,94,6,43,97,49,94,62,40,98,29,48,93
356,34,70,65,33,51,61,8,60,82,86,32,21,44,37,1,69,66,97,28,86,6,62,86,2
357,51,37,98,56,34,78,27,7,47,8,34,61,31,76,53,26,80,52,79,74,3,97,76,51
358,58,9,11,34,58,73,66,71,98,63,85,81,61,26,61,31,33,48,26,29,51,84,98,29
359,87,73,28,60,47,31,84,73,39,91,17,48,2,40,71,71,8,49,57,92,85,49,69,12
360,73,23,68,64,91,31,71,2,72,71,67,26,73,88,67,25,59,80,26,1,14,2,39,45
361,80,78,33,49,41,59,98,23,88,73,11,86,27,34,97,18,66,9,65,47,55,78,22,11
362,46,42,82,42,50,43,72,93,41,49,45,33,2,47,41,48,84,69,30,47,23,31,92,70
363,58,38,24,35,18,85,2,15,51,43,14,45,9,56,10,1,75,95,36,96,58,65,59,42
364,7,89,24,73,90,65,55,3,82,44,22,38,3,55,14,54,66,77,31,28,68,19,95,67
365,68,88,9,56,73,27,85,71,6,27,64,45,50,49,20,86,94,98,40,97,12,32,33,65
366,43,75,31,38,26,29,40,90,89,24,14,29,79,67,47,98,9,91,80,22,29,78,83,81
367,7,26,50,93,12,66,34,32,65,80,71,62,31,56,50,72,27,41,73,7,84,23,65,20
368,26,82,7,96,14,58,76,9,12,14,96,13,70,80,24,6,5,57,90,73,42,27,26,41
369,15,77,32,68,55,19,14,34,31,97,45,41,6,28,87,38,1,56,7,71,77,22,38,30
370,92,41,17,46,23,96,71,28,70,39,1,47,27,87,4,58,16,61,8,14,57,47,8,16
371,18,79,75,80,3,76,66,46,21,41,63,71,96,55,32,93,31,13,48,51,60,50,87,3
372,83,22,80,53,74,78,21,63,49,90,7,88,54,88,30,67,50,14,59,27,48,26,28,89
373,51,55,74,26,97,46,43,69,30,70,21,49,32,28,94,80,4,28,52,91,5,1,85,46
374,20,6,20,9,69,67,5,61,56,4,55,23,87,77,75,61,34,39,35,79,6,5,84,22
375,43,92,40,49,44,27,44,87,2,63,30,56,40,44,18,21,62,33,68,61,32,64,18,19
376,7,41,45,19,62,57,33,40,16,68,11,32,52,1,39,81,84,50,74,17,57,86,64,24
377,65,81,67,83,99,10,5,49,13,68,13,4,15,54,44,7,15,55,58,78,6,94,90,58
378,38,35,54,64,47,60,49,15,59,38,79,78,24,61,78,47,31,10,35,1,76,54,5,70
379,76,19,7,33,2,95,44,89,7,7,48,32,59,3,14,53,85,81,26,90,59,57,12,70
380,37,45,93,99,54,14,57,84,44,85,68,38,52,86,61,83,41,84,2,58,53,50,32,42
381,3,30,40,84,68,46,40,81,76,92,8,78,7,12,83,56,30,19,44,21,10,1,48,56
382,87,9,59,85,58,56,30,13,32,22,80,39,76,26,14,56,73,40,83,21,70,87,43,89
383,35,30,94,80,46,17,26,96,36,55,74,70,60,79,49,30,46,54,88,4,92,47,83,86
384,2,71,28,66,23,40,33,34,5,96,93,59,88,82,3,14,38,67,10,51,44,10,47,66
385,68,92,7,22,30,4,54,90,19,67,17,7,6,69,63,78,25,76,21,58,37,76,13,19
386,48,25,7,15,64,81,30,20,25,81,75,79,39,16,34,10,79,98,15,54,44,13,36,93
387,52,20,45,66,20,15,79,49,95,21,14,55,81,80,32,65,20,53,39,25,40,13,93,79
388,4,53,94,66,48,32,35,61,23,37,98,93,97,99,22,47,64,86,50,88,82,62,44,88
389,1,11,18,10,20,19,34,37,72,44,17,90,14,28,83,96,27,1,1,29,98,14,11,13
390,11,62,13,85,93,48,44,39,65,45,8,98,58,42,84,87,66,8,8,4,66,29,97,12
391,52,69,68,41,1,59,50,74,66,24,16,68,45,95,29,38,99,38,51,38,4,59,38,26
392,55,44,15,35,46,25,14,64,26,36,88,71,92,53,23,4,60,45,64,52,77,76,90,44
393,98,63,4,48,30,52,6,84,8,70,60,58,89,51,25,88,62,7,5,17,2,75,10,96
394,47,84,47,96,67,33,78,99,3,25,1,29,90,54,20,33,73,17,99,44,90,36,5,73
395,60,81,40,74,69,32,48,48,35,53,89,62,31,14,29,36,59,77,50,32,38,77,51,81
396,68,92,87,73,10,24,54,90,48,87,73,25,11,40,19,66,54,52,46,66,2,18,24,66
397,69,11,44,91,92,36,86,42,28,52,61,68,79,22,10,97,21,78,17,39,13,46,2,87
398,74,25,35,13,89,26,86,80,8,90,74,37,71,49,22,33,84,9,59,54,83,7,39,90
399,39,29,41,6,4,8,83,81,32,84,31,48,50,55,29,37,55,43,84,89,45,18,68,96
400,60,49,88,36,83,36,75,85,34,90,25,20,47,95,81,91,32,50,7,32,83,61,91,35
401,10,40,49,69,49,12,56,35,3,42,75,87,40,47,59,59,66,69,24,10,77,32,81,37
402,47,6,73,74,38,47,16,29,30,47,21,45,31,4,5,85,34,20,90,21,89,9,80,42
403,65,77,39,62,37,90,17,85,46,49,69,71,62,51,60,99,89,13,86,62,41,26,99,59
404,29,28,61,96,72,89,23,82,51,95,80,69,95,6,14,9,79,82,24,30,83,22,49,12
405,97,85,19,55,50,41,35,31,63,28,59,63,17,98,31,78,6,48,68,49,81,32,88,26
406,65,11,27,74,79,6,38,75,19,24,72,95,1,33,67,73,43,42,51,62,62,23,87,23
407,20,5,4,2,29,9,45,95,75,27,56,50,47,45,33,73,6,67,27,68,96,7,4,89
408,29,63,56,70,15,54,1,9,36,75,19,16,96,70,47,54,90,75,3,99,8,36,1,8
409,80,58,24,25,84,64,31,69,97,2,99,66,15,42,98,3,10,54,32,33,35,70,5,71
410,89,32,80,49,58,73,23,54,41,31,69,45,10,87,48,76,85,74,39,64,46,19,80,61
411,47,83,19,86,16,71,9,36,69,17,9,37,2,78,98,50,16,97,1,55,36,59,99,70
412,22,86,64,98,44,29,49,67,26,99,39,21,13,13,28,26,13,78,77,57,10,33,45,23
413,63,51,67,57,4,37,75,51,40,44,97,30,51,8,60,21,29,83,17,8,5,59,61,48
414,92,51,96,74,44,12,36,10,80,10,37,92,22,23,17,72,38,3,48,19,75,45,89,69
415,99,1,78,78,48,33,76,83,54,90,26,50,81,4,74,68,39,61,51,24,88,83,13,82
416,19,4,44,71,65,86,4,78,9,12,13,31,20,96,49,15,60,74,67,93,57,5,81,22
417,14,34,45,27,69,14,31,66,99,20,59,59,16,74,74,19,77,24,69,94,72,94,49,24
418,80,6,51,6,14,16,61,46,10,88,68,40,90,80,62,88,65,15,8,77,4,18,32,97
419,24,74,89,6,12,66,95,49,63,28,31,94,74,21,87,23,77,71,20,65,87,62,37,62
420,39,81,1,99,22,71,65,2,64,86,45,96,88,72,78,72,30,61,7,58,15,83,27,70
421,20,14,27,51,68,24,81,36,27,13,99,89,80,93,53,47,22,7,20,98,40,45,27,81
422,37,63,25,96,29,30,23,60,13,46,74,48,62,71,17,58,96,57,91,38,73,2,47,94
423,40,91,26,70,78,53,45,6,31,2,37,76,20,43,63,20,24,25,83,23,60,44,57,15
424,20,61,39,92,58,47,58,14,41,4,82,45,63,31,12,40,20,97,43,78,62,5,9,58
425,59,69,81,20,53,52,65,84,40,61,30,20,40,86,80,80,65,35,71,55,19,13,60,66
426,12,53,71,6,89,53,95,20,53,16,41,94,75,49,74,12,93,17,83,7,30,17,55,41
427,10,23,74,1,9,96,26,41,65,88,17,10,17,51,85,91,48,29,39,81,9,83,41,48
428,22,91,49,32,33,79,2,82,48,64,98,55,12,73,28,5,45,1,68,57,48,11,6,59
429,63,39,63,12,78,51,16,67,70,54,3,92,25,55,62,76,98,16,18,48,57,56,63,66
430,90,63,85,85,46,50,94,40,92,96,68,74,6,68,84,4,12,12,10,34,98,79,95,46
431,56,73,83,22,61,18,66,12,2,64,45,1,95,30,69,86,29,37,2,49,18,78,88,11
432,8,69,50,55,55,20,54,99,3,47,74,14,70,76,3,69,34,9,67,7,95,50,22,20
433,11,47,66,41,86,5,45,94,94,50,79,13,13,71,95,71,34,16,16,55,31,14,39,72
434,33,69,59,32,42,22,48,54,13,99,20,56,5,30,31,72,8,20,58,61,56,53,38,61
435,96,63,17,20,53,60,37,52,71,22,9,32,92,79,12,52,38,44,99,10,67,31,9,85
436,33,80,83,71,54,50,57,91,68,1,96,5,95,8,24,2,24,26,75,30,46,71,23,74
437,59,60,23,22,87,17,84,74,24,83,13,40,44,69,31,65,8,87,44,21,43,98,6,74
438,1,57,65,53,42,84,44,27,20,14,43,72,30,90,97,89,45,57,1,22,16,43,96,67
439,90,90,50,60,13,55,85,95,34,16,89,30,54,73,97,24,57,5,76,55,68,20,8,59
440,93,76,61,22,6,98,23,6,59,69,32,93,46,45,83,24,6,81,20,78,5,76,6,11
441,87,34,65,55,8,93,42,15,19,21,12,70,59,60,76,6,21,76,61,34,27,38,30,2
442,50,9,5,75,91,44,39,78,61,21,68,16,66,35,5,12,58,61,79,72,5,35,3,51
443,5,74,88,31,66,70,99,77,98,4,27,66,44,79,69,49,99,13,49,56,70,3,80,39
444,12,56,33,36,51,56,72,62,67,81,83,59,85,80,35,60,32,29,27,43,90,3,53,9
445,22,33,37,3,54,89,78,21,25,70,98,43,66,72,51,13,43,72,52,23,17,14,66,43
446,68,91,36,97,34,77,44,6,65,32,95,84,43,46,69,24,17,33,26,36,3,1,22,37
447,81,2,96,58,47,4,97,88,29,26,21,82,27,1,67,2,80,93,5,23,40,51,59,45
448,11,93,5,12,66,81,66,41,88,23,81,60,97,24,32,38,92,20,90,46,48,18,25,63
449,67,21,98,11,64,71,72,27,15,99,9,86,89,95,86,16,79,58,43,11,71,12,94,8
450,28,67,4,51,36,85,34,83,67,42,72,4,50,36,36,55,83,39,57,73,74,15,54,60
451,66,36,59,73,95,79,11,8,97,29,73,72,5,84,75,59,26,47,53,50,5,16,17,36
452,57,63,82,85,58,33,11,84,21,40,89,12,95,6,6,95,42,52,19,84,21,90,25,2
453,89,85,56,12,7,7,65,23,30,18,57,81,38,36,50,30,48,27,13,78,25,72,78,7
454,33,45,54,43,36,37,74,19,2,70,38,51,14,9,55,35,52,35,94,49,41,11,22,9
455,14,30,2,83,68,9,17,42,80,21,92,39,10,5,18,28,29,86,78,14,72,5,60,85
456,85,18,1,41,64,64,35,30,90,38,15,23,91,24,49,70,15,84,51,18,35,66,14,22
457,44,69,67,40,53,29,96,31,86,83,60,51,1,68,71,65,8,11,46,11,54,58,89,5
458,56,79,85,88,85,11,59,6,67,99,40,82,20,43,8,39,87,48,53,26,67,93,59,87
459,29,64,78,77,69,42,19,14,28,34,42,33,91,81,73,48,72,57,38,13,11,66,17,38
460,66,8,69,71,54,2,76,29,1,30,96,5,24,75,8,56,89,5,98,36,70,79,55,47
461,41,19,59,81,8,73,4,11,92,91,27,55,37,22,18,50,86,25,45,88,29,37,88,37
462,84,74,77,17,72,9,72,28,92,7,70,57,71,44,47,70,74,10,37,45,56,6,33,41
463,90,81,98,39,2,72,5,42,16,64,20,5,20,3,83,34,7,91,11,33,62,19,8,87
464,5,62,61,75,85,16,56,76,72,86,93,78,25,6,96,95,41,41,59,66,95,33,36,44
465,44,48,20,8,55,80,80,20,3,23,34,24,18,56,69,40,4,78,24,43,25,88,96,1
466,27,21,29,93,37,62,10,96,13,24,22,64,74,93,13,11,77,54,4,31,63,75,82,1
467,86,91,72,49,95,62,4,9,53,2,69,55,72,40,75,90,73,99,88,81,47,78,37,18
468,92,44,85,8,86,31,73,74,19,71,57,79,39,72,77,49,30,22,67,27,12,32,82,39
469,6,41,7,16,25,83,16,35,95,29,49,90,6,15,46,49,44,29,52,8,42,22,14,67
470,1,5,33,22,72,95,29,66,83,95,78,41,58,29,39,53,68,91,58,64,51,44,24,10
471,60,86,67,31,63,97,45,71,19,87,88,5,23,4,91,61,23,59,6,34,25,71,22,71
472,80,36,3,73,62,20,71,63,79,55,60,58,10,75,25,40,18,58,85,77,62,22,57,6
473,94,21,78,65,74,4,30,45,21,46,54,86,44,49,79,45,20,50,89,48,71,39,61,5
474,63,36,53,82,51,51,21,20,72,44,53,18,50,45,93,13,32,18,61,90,3,48,43,51
475,89,90,28,21,9,74,24,96,90,50,34,95,3,58,47,16,96,88,43,66,39,98,92,97
476,18,49,2,96,67,53,81,13,16,78,18,99,74,76,11,1,96,27,71,83,47,7,32,51
477,16,77,72,54,60,36,56,35,73,62,69,83,63,12,57,32,56,36,13,76,39,91,93,78
478,37,16,21,3,87,76,11,81,45,63,40,35,27,50,77,50,86,89,57,27,45,14,54,20
479,35,16,73,28,62,58,80,42,16,93,43,16,9,39,26,4,41,6,70,57,25,25,61,55
480,74,47,73,87,91,35,6,18,45,58,29,93,31,69,63,61,24,90,13,55,30,1,93,11
481,4,57,53,47,60,56,4,50,13,52,60,13,61,1,95,4,75,24,11,89,47,86,19,67
482,68,47,13,36,75,84,55,50,4,28,94,63,41,87,68,74,37,86,59,44,45,64,86,93
483,38,89,73,55,48,45,19,55,69,11,13,44,47,3,11,38,3,24,6,86,29,1,11,34
484,8,61,12,35,78,40,2,17,73,81,35,5,32,36,11,15,75,52,39,86,93,39,18,37
485,45,56,10,76,11,20,41,52,49,89,71,63,87,77,55,40,9,39,69,46,57,96,76,7
486,10,8,83,66,49,39,23,74,15,75,84,81,28,18,80,93,60,99,45,43,28,2,11,16
487,32,28,67,29,89,3,26,63,27,7,50,85,51,32,38,74,12,62,55,9,44,97,62,82
488,85,69,36,58,79,94,59,21,60,91,98,80,24,15,26,41,27,92,49,43,65,28,86,46
489,90,77,15,79,11,11,39,72,76,93,75,51,43,6,81,50,80,82,45,94,98,66,65,62
490,31,85,41,70,32,42,53,42,55,73,48,46,37,93,15,61,80,61,3,25,2,20,51,40
491,90,96,32,52,87,79,77,3,69,45,54,31,62,19,6,21,24,25,22,99,98,15,53,64
492,95,72,80,56,6,18,71,29,53,16,11,26,45,50,69,23,9,51,38,56,55,95,82,7
493,46,64,88,34,35,87,38,36,48,89,54,15,73,4,88,68,20,39,8,12,45,65,49,63
494,40,2,32,10,52,77,44,47,27,7,36,34,67,41,66,67,74,16,25,26,68,92,15,93
495,19,28,10,37,66,89,90,27,42,65,67,3,69,16,2,91,3,15,42,73,81,83,34,48
496,6,64,37,2,54,40,92,7,33,62,9,84,23,61,92,32,32,30,84,75,57,74,48,83
497,88,37,16,27,73,69,4,32,22,7,91,77,45,86,70,87,47,89,30,31,74,66,46,70
498,81,38,92,1,30,83,30,71,87,50,21,84,30,47,8,12,57,71,80,28,93,36,69,72
499,5,75,19,29,99,16,44,93,85,89,26,3,19,39,43,40,6,7,44,70,27,95,80,25
500,63,44,42,19,97,68,92,68,33,62,99,53,77,34,90,38,15,70,66,57,21,57,94,13
501,33,30,23,92,25,33,69,82,84,20,76,3,61,7,88,24,66,38,28,80,81,95,34,24
502,59,71,93,65,45,76,2,54,63,53,87,27,77,26,66,60,59,34,96,93,33,43,13,28
503,88,94,92,10,86,43,25,59,24,23,98,43,7,58,47,13,71,85,88,86,40,64,47,6
504,88,28,37,28,58,52,56,11,51,27,46,97,7,59,86,37,81,4,85,1,73,22,54,95
505,67,57,41,12,50,59,14,25,7,87,41,39,94,55,93,11,79,86,85,56,66,54,4,97
506,79,10,58,11,14,6,20,48,96,35,26,7,66,91,11,75,12,79,36,37,51,15,9,86
507,60,67,13,76,80,75,23,68,47,34,67,44,73,18,15,24,27,40,81,25,64,55,29,15
508,96,56,12,7,19,92,34,2,15,46,53,23,9,27,21,37,45,24,1,61,76,8,90,53
509,71,42,67,70,53,18,39,9,59,17,3,4,28,6,66,78,27,63,5,88,96,24,57,27
510,5,79,30,54,44,75,25,61,10,51,49,46,10,73,85,43,48,66,96,1,89,75,83,46
511,78,96,59,34,23,40,30,31,83,36,5,46,42,29,34,37,31,62,20,57,79,92,97,98
512,2,52,24,57,23,13,16,3,55,53,64,5,59,42,15,95,66,50,30,64,51,34,41,49
513,30,51,51,94,4,29,95,74,39,82,88,16,5,95,15,68,31,72,98,5,28,4,87,68
514,27,38,47,3,17,43,83,18,17,23,36,6,32,23,31,71,70,14,62,90,46,38,42,48
515,55,30,39,66,50,87,72,37,63,79,40,59,50,45,15,43,52,34,85,67,66,30,52,36
516,41,68,11,98,78,94,5,61,84,58,1,57,83,95,86,78,80,38,30,7,97,7,7,70
517,74,88,34,7,26,54,73,30,20,45,44,84,31,20,5,18,56,3,4,55,3,78,6,97
518,32,96,41,20,64,83,3,28,55,53,49,71,72,91,10,63,90,92,42,78,34,13,43,12
519,54,43,4,97,1,21,42,62,95,5,19,35,23,62,72,23,79,56,63,75,70,48,46,27
520,45,57,52,49,20,95,82,14,33,19,61,34,33,33,5,43,16,31,3,21,28,8,39,17
521,75,7,93,46,2,97,39,61,25,60,72,88,81,51,52,79,49,66,17,81,72,82,42,34
522,98,66,40,98,21,70,62,14,54,18,40,78,66,33,7,43,5,7,41,34,71,44,12,25
523,91,87,48,66,67,79,39,89,86,21,83,2,84,6,8,37,47,38,23,35,92,4,96,74
524,93,96,45,70,95,68,37,5,97,94,61,75,81,71,73,13,98,28,64,20,31,59,65,8
525,12,89,51,88,25,65,57,85,22,89,56,77,17,34,42,16,67,94,53,44,36,27,81,78
526,64,54,59,10,65,83,15,93,65,6,73,95,12,5,65,89,39,73,96,34,53,29,59,34
527,10,83,13,11,8,51,39,61,86,28,59,11,80,44,99,71,41,91,5,67,78,78,40,69
528,92,62,36,31,34,72,68,19,37,86,56,32,68,47,99,63,40,20,86,18,16,45,42,94
529,97,13,44,52,25,24,14,78,99,64,82,7,7,47,15,56,47,42,52,41,69,95,93,90
530,51,18,31,13,17,88,75,43,45,46,95,50,14,39,60,75,34,46,38,14,10,8,91,20
531,53,41,32,87,54,70,95,14,51,18,9,51,75,16,59,27,31,47,31,42,29,33,14,8
532,9,59,98,37,24,13,33,70,34,68,30,44,49,65,35,94,65,45,66,90,4,10,97,74
533,36,28,68,8,58,41,53,33,89,5,79,93,38,94,68,80,67,86,67,37,20,11,70,25
534,31,53,25,23,33,13,83,36,46,2,92,19,17,92,41,75,81,61,29,20,9,82,11,83
535,56,42,16,82,52,94,85,64,6,17,6,74,51,99,10,35,7,64,93,47,14,64,28,13
536,2,10,81,87,28,44,50,2,80,41,2,79,42,4,33,83,45,66,98,72,5,53,60,95
537,11,40,66,7,91,81,30,27,37,74,29,6,83,11,60,2,92,86,71,54,43,90,87,71
538,67,33,36,20,11,67,3,30,91,20,79,99,86,45,3,39,10,60,10,74,33,13,46,59
539,72,10,44,55,37,80,32,1,8,28,72,7,10,98,2,67,63,73,31,92,92,76,95,20
540,97,66,7,95,75,13,90,86,97,18,23,72,62,22,32,44,45,95,54,66,79,74,12,74
541,98,43,85,81,66,47,29,46,87,37,39,93,63,33,12,53,51,54,46,24,76,65,34,65
542,1,89,36,69,91,13,68,97,99,95,10,74,27,97,25,80,28,93,65,82,7,34,41,1
543,26,64,39,18,63,94,75,65,5,21,16,11,54,74,68,82,20,65,83,55,42,8,39,74
544,1,21,45,48,77,11,37,96,4,87,56,16,98,24,11,22,96,58,98,25,64,43,54,3
545,37,90,3,30,80,65,91,55,34,29,95,45,68,99,96,77,26,68,37,28,71,46,38,15
546,2,24,8,54,20,90,49,26,19,74,67,75,31,26,34,57,81,60,93,72,21,93,92,79
547,80,64,49,51,81,66,41,40,97,47,90,81,58,65,35,52,42,96,71,26,75,60,28,74
548,91,35,17,70,66,47,86,16,56,99,95,31,37,59,62,13,34,83,73,38,24,28,78,14
549,27,58,86,8,7,61,44,10,60,45,4,83,28,61,46,39,97,75,6,4,84,77,51,18
550,44,51,83,98,50,9,9,82,56,49,17,83,58,53,65,45,86,26,18,62,79,21,76,18
551,46,17,85,96,58,53,40,57,93,89,22,80,77,48,83,83,71,19,61,72,94,97,80,21
552,14,72,98,71,37,26,76,25,53,64,17,63,94,60,51,56,92,61,56,40,10,8,86,46
553,53,84,24,23,75,46,53,97,19,42,28,22,88,70,68,11,6,21,68,30,61,40,33,58
554,95,5,74,75,23,78,78,11,2,39,84,42,31,56,42,51,19,7,81,55,82,76,24,55
555,66,62,70,63,77,63,42,14,92,68,99,61,6,22,19,98,39,49,31,38,5,23,12,32
556,40,14,57,83,79,31,13,92,82,14,73,16,82,76,39,48,88,43,89,47,53,72,61,40
557,21,99,47,39,97,38,97,42,21,41,91,33,54,36,80,94,66,17,91,77,5,97,73,6
558,43,52,84,72,10,79,97,71,58,82,15,84,28,72,96,76,68,10,77,13,52,93,27,62
559,49,30,31,13,84,25,71,92,37,6,49,55,88,54,87,8,54,15,96,6,64,42,17,56
560,53,54,65,10,35,78,96,66,47,73,42,50,23,12,5,85,46,29,93,1,46,82,41,83
561,81,32,95,11,69,26,2,10,12,41,58,28,68,60,78,87,96,32,50,24,51,60,49,56
562,48,6,61,32,29,42,98,75,47,6,87,36,74,44,14,82,34,25,76,16,29,91,93,70
563,3,80,66,85,18,95,35,82,21,15,33,9,66,21,66,51,19,4,27,28,74,85,1,47
564,56,83,11,51,41,52,92,49,29,61,17,29,71,47,86,80,70,60,34,44,87,3,50,58
565,54,87,57,28,34,37,12,29,16,87,28,78,83,30,31,33,20,55,23,31,27,88,70,17
566,20,45,83,63,97,62,66,42,44,82,79,80,2,38,26,65,16,90,6,70,4,41,25,74
567,3,94,4,3,89,48,76,94,67,44,16,70,20,89,23,1,41,80,3,59,70,23,7,52
568,63,46,85,79,48,49,55,18,54,24,18,13,16,30,61,11,58,96,41,68,66,76,75,18
569,46,91,14,77,31,30,43,87,40,50,75,67,62,74,90,60,8,74,52,12,40,85,68,50
570,87,69,76,32,30,65,97,97,56,51,83,52,89,66,24,3,74,50,70,77,81,15,59,34
571,77,73,36,59,16,30,59,21,53,14,70,51,2,77,81,38,84,55,21,21,49,75,19,26
572,50,47,47,43,33,65,32,35,8,31,38,41,80,74,99,48,19,71,84,56,7,62,51,58
573,80,91,26,20,14,42,31,78,89,94,69,31,76,70,96,40,22,76,26,62,12,25,59,29
574,52,67,89,87,43,56,49,39,20,46,64,55,96,59,20,18,97,45,94,28,56,14,85,94
575,39,46,50,69,69,48,74,47,42,19,15,9,87,77,25,54,31,1,54,13,55,7,28,59
576,1,84,64,34,89,37,76,1,79,29,41,5,31,13,20,62,99,40,27,26,50,15,93,91
577,59,96,2,69,83,32,66,22,49,14,21,30,6,19,43,29,33,65,44,77,13,92,6,4
578,84,86,12,69,99,93,62,34,80,71,22,20,48,88,89,46,48,43,48,7,46,88,1,9
579,79,20,39,65,56,85,59,38,1,81,31,49,65,66,25,16,90,7,50,39,70,49,46,7
580,69,65,84,71,39,26,93,32,76,48,21,30,67,49,56,61,96,48,36,66,12,51,91,2
581,44,98,83,93,55,42,91,54,16,96,3,93,63,7,92,29,86,15,37,77,48,74,41,76
582,93,14,31,84,96,62,62,42,78,6,62,57,22,12,39,85,14,13,66,55,10,21,64,79
583,60,13,34,49,99,6,67,17,15,1,37,66,34,97,35,67,93,67,33,36,81,92,30,26
584,77,29,70,10,58,25,87,43,10,36,16,22,66,48,62,3,12,40,65,42,84,30,61,44
585,51,70,91,4,82,68,27,15,16,84,55,50,75,75,19,21,77,62,32,60,85,94,51,88
586,77,87,93,88,44,5,56,11,46,84,93,86,60,86,55,40,12,87,18,39,74,52,23,45
587,45,25,82,34,43,59,47,62,2,80,9,22,16,68,15,54,92,68,96,33,17,44,91,22
588,62,48,39,52,40,87,86,43,86,24,18,43,8,42,94,49,65,51,10,84,62,76,20,69
589,55,8,70,4,37,29,39,44,88,8,56,20,96,8,57,51,51,22,51,20,25,8,95,18
590,20,64,8,61,68,72,5,99,3,35,4,10,87,59,38,18,53,26,61,91,25,27,34,88
591,97,88,50,17,49,84,31,92,8,6,46,31,23,82,76,47,46,17,37,40,91,69,15,32
592,83,56,74,42,81,85,80,62,62,64,58,94,71,99,85,64,46,13,16,52,12,18,25,74
593,97,51,14,45,2,94,96,98,98,53,93,74,10,69,16,19,2,32,65,83,69,33,81,7
594,21,24,91,76,22,97,44,95,23,86,61,61,2,66,9,66,94,19,67,16,78,27,76,29
595,2,70,60,38,98,53,48,87,49,5,6,61,64,4,50,38,49,38,78,71,83,73,56,68
596,3,25,87,97,2,44,38,80,72,60,96,76,65,84,84,23,84,41,9,89,5,19,56,71
597,81,54,24,81,30,91,41,93,96,78,42,70,66,67,73,38,94,70,17,83,28,71,91,67
598,5,16,8,14,88,59,64,73,72,44,46,85,69,30,76,42,19,50,77,89,1,73,40,58
599,53,42,57,47,83,60,98,69,11,20,35,61,46,82,4,85,63,31,23,51,25,26,84,48
600,38,95,87,21,80,92,91,97,50,70,7,81,65,44,41,30,58,79,71,77,56,19,98,75
601,19,54,99,20,28,86,9,47,39,41,79,52,48,27,68,10,31,27,33,83,7,90,95,80
602,99,75,43,25,86,52,93,14,85,91,98,1,99,32,97,42,3,99,75,18,15,15,38,22
603,52,23,9,70,75,48,38,31,77,83,90,64,32,67,44,4,92,12,54,94,63,24,32,14
604,92,11,43,20,74,67,85,29,83,82,84,23,9,76,68,45,53,29,72,61,78,17,85,37
605,14,99,73,44,5,91,34,69,50,76,68,93,15,83,28,36,85,52,10,1,63,76,91,1
606,25,8,81,46,18,78,9,15,11,40,18,81,15,23,60,87,45,43,48,5,36,69,97,64
607,98,80,70,83,33,55,96,80,91,40,73,73,37,79,65,98,23,19,49,9,69,32,80,78
608,20,88,72,40,19,74,89,34,74,81,87,3,27,59,29,93,19,17,4,64,14,97,75,19
609,26,88,67,21,18,81,89,45,85,11,67,90,49,54,90,29,72,86,63,17,21,48,93,58
610,37,31,96,9,15,90,15,48,96,77,91,6,92,57,90,86,28,1,87,43,97,12,37,60
611,93,1,99,4,54,73,61,19,60,22,92,10,28,44,59,93,41,66,46,41,77,27,8,5
612,34,79,59,22,81,41,81,19,39,30,15,74,53,82,41,90,67,39,63,46,63,53,67,74
613,53,10,19,64,70,14,41,46,67,16,2,75,25,61,38,48,14,86,43,63,15,67,10,65
614,22,64,3,79,13,39,99,35,89,87,3,74,13,56,27,17,81,74,80,95,10,40,56,30
615,63,72,4,41,56,5,7,37,93,62,67,36,70,50,41,91,97,28,61,65,90,8,6,66
616,9,13,14,81,87,85,1,3,66,67,59,21,97,34,20,30,38,7,3,21,56,8,45,40
617,5,7,34,61,93,6,88,54,1,91,64,41,89,14,73,82,36,49,22,40,31,79,82,90
618,59,67,2,64,36,58,45,90,63,3,82,93,5,1,51,68,56,29,19,86,76,49,33,97
619,47,96,10,44,25,55,86,36,91,91,90,48,4,43,71,4,48,25,76,21,93,60,33,7
620,27,42,10,24,43,44,87,15,20,15,58,98,70,28,10,1,8,89,15,84,58,78,68,78
621,7,79,73,86,6,20,28,16,24,1,54,99,29,58,35,19,31,80,72,50,98,30,87,66
622,39,48,14,18,79,15,96,53,30,88,46,60,81,48,69,73,89,92,43,27,42,4,3,51
623,7,20,47,59,13,58,95,38,21,15,57,18,66,56,61,51,11,81,32,10,97,7,67,11
624,4,47,23,56,20,20,83,41,94,47,64,34,13,22,1,57,36,93,81,71,90,2,87,4
625,44,95,50,16,76,41,35,53,86,96,74,59,47,11,41,82,49,16,99,31,36,25,74,55
626,64,69,93,88,89,54,88,39,39,98,75,14,93,73,16,16,37,51,54,47,83,55,6,44
627,56,47,93,48,43,45,77,48,35,7,59,26,95,85,19,63,5,42,45,19,69,76,92,98
628,43,80,31,65,46,7,24,30,49,39,6,65,44,83,52,83,29,99,19,13,26,34,78,74
629,70,44,16,35,29,28,58,78,1,83,42,20,90,73,43,47,40,79,8,81,49,97,41,17
630,15,97,27,88,33,33,52,37,34,75,93,98,49,36,22,48,74,82,42,99,53,91,72,22
631,23,68,9,2,33,42,79,98,60,40,35,19,5,1,43,39,54,89,80,22,81,18,68,70
632,45,34,82,36,12,63,44,28,77,20,65,53,53,61,90,8,68,16,28,16,88,51,62,49
633,71,61,12,51,64,17,5,24,79,70,83,53,46,71,86,48,81,12,14,23,72,5,50,81
634,13,23,10,30,94,77,86,60,39,23,50,26,5,30,85,27,91,52,88,72,47,46,4,95
635,12,43,33,73,86,64,44,10,89,10,71,14,3,40,45,35,16,55,62,97,16,69,48,86
636,95,92,79,66,62,32,75,85,59,46,50,96,49,80,40,48,17,19,91,62,26,70,52,29
637,17,6,12,20,34,5,36,61,20,25,90,65,23,26,37,62,16,2,6,59,32,48,55,79
638,36,70,59,75,82,53,46,9,87,81,79,17,60,27,91,61,80,82,37,52,99,71,51,43
639,87,78,26,53,93,45,37,72,37,46,92,19,84,53,79,19,81,63,69,35,89,80,62,9
640,76,98,18,91,16,46,58,50,97,70,73,56,71,89,29,40,90,25,27,83,49,41,70,12
641,17,64,87,69,6,24,55,31,84,17,93,42,23,91,70,59,8,22,39,33,70,84,37,91
642,64,50,10,30,45,2,42,89,4,59,58,27,59,13,48,85,55,76,65,91,6,27,72,35
643,36,90,29,87,64,62,86,18,62,47,57,54,42,2,21,18,3,31,24,96,48,34,82,94
644,89,53,88,6,45,32,31,58,95,54,70,26,60,75,26,44,74,13,49,15,9,60,21,43
645,36,81,9,44,26,16,37,59,91,92,15,53,85,35,77,83,4,50,95,39,19,67,47,55
646,56,25,27,70,38,19,19,34,55,55,77,86,2,91,56,25,57,92,21,11,10,55,33,30
647,50,28,92,71,94,69,52,43,81,70,52,27,61,86,52,88,5,9,61,83,11,55,13,26
648,73,48,42,18,59,95,2,63,65,65,3,76,36,91,99,90,9,31,57,62,97,69,19,16
649,64,99,17,88,33,82,54,96,63,57,28,8,67,54,5,74,98,95,37,62,40,86,23,54
650,92,79,64,74,43,18,30,30,57,43,12,1,4,38,20,5,50,3,71,35,81,10,67,62
651,24,40,91,65,17,34,75,42,22,66,22,15,3,85,80,20,47,53,39,24,47,45,96,88
652,75,31,64,70,27,3,48,15,98,58,38,58,30,29,63,24,86,12,44,48,36,29,53,23
653,24,73,42,87,81,39,91,3,6,91,27,36,9,10,55,31,94,15,25,44,32,79,24,98
654,51,3,68,14,25,52,41,34,88,60,23,93,63,79,57,32,54,53,91,21,48,86,92,19
655,84,61,22,47,35,48,2,73,81,86,33,37,58,15,7,39,15,91,44,48,20,35,20,76
656,13,66,66,8,21,63,18,82,75,82,98,81,13,60,74,90,10,28,72,52,7,22,4,55
657,55,90,2,6,77,78,71,87,13,31,20,35,11,37,92,60,88,22,71,80,30,51,93,76
658,62,98,39,71,95,66,57,60,38,48,58,42,50,97,73,22,60,87,77,89,45,50,63,53
659,52,48,8,18,5,67,12,79,59,51,8,84,18,73,90,17,68,73,89,10,40,99,96,38
660,52,25,86,42,69,70,62,73,46,19,59,28,80,58,21,39,10,95,14,75,15,50,17,19
661,42,67,9,50,74,37,29,97,51,39,12,88,29,48,10,70,4,61,51,59,94,8,12,32
662,17,79,42,32,17,89,17,94,42,64,16,19,69,70,4,56,94,21,17,85,54,96,86,78
663,54,27,63,33,6,56,35,76,77,82,97,39,3,4,28,89,10,56,37,38,50,89,24,56
664,69,72,79,38,75,51,65,35,29,75,53,70,77,43,54,83,89,84,25,59,90,56,76,77
665,76,75,87,66,18,39,79,22,33,89,95,10,8,22,50,61,53,15,76,27,28,28,9,13
666,28,7,44,34,46,48,81,80,96,45,83,99,45,39,64,14,33,72,14,47,36,2,83,25
667,45,99,63,50,92,6,21,80,26,55,55,71,26,39,16,12,54,52,56,87,95,33,92,9
668,37,16,55,12,70,68,63,93,33,11,76,70,63,18,58,76,68,6,25,91,77,71,74,50
669,30,24,18,77,92,17,63,16,88,86,52,94,12,20,35,95,67,6,38,3,89,70,80,17
670,39,10,92,89,6,92,59,20,1,7,28,9,97,23,36,62,40,68,62,56,80,3,22,39
671,57,65,9,26,41,6,70,58,22,97,67,52,41,98,89,10,72,20,28,23,87,19,33,16
672,13,68,33,41,69,50,72,35,93,46,11,32,86,23,4,16,88,15,11,86,77,41,51,71
673,10,3,6,31,71,39,68,69,81,82,1,99,62,36,38,36,26,13,67,57,60,17,57,69
674,30,70,93,56,92,10,16,28,89,58,44,2,83,73,41,90,48,18,83,67,67,8,50,77
675,97,30,58,21,98,48,2,28,72,61,93,13,34,70,14,5,37,22,90,92,23,12,41,8
676,12,46,38,37,51,51,68,56,53,33,58,20,6,99,92,87,57,98,49,27,93,19,85,44
677,45,95,16,1,4,77,27,7,94,50,74,60,89,21,36,75,51,24,6,27,72,73,43,87
678,57,98,9,20,39,35,30,26,72,58,80,32,40,97,2,86,20,12,17,37,36,48,74,85
679,17,59,60,3,85,15,72,60,7,30,17,51,19,62,39,98,69,44,66,21,41,20,20,92
680,72,8,84,69,91,66,47,85,41,70,23,79,84,10,88,13,79,60,36,44,18,92,5,35
681,37,1,82,13,92,18,63,61,91,59,35,90,57,4,37,1,50,13,64,25,26,32,49,7
682,11,76,48,98,18,62,43,94,26,48,78,6,36,21,69,4,74,4,67,25,26,73,90,29
683,59,10,88,58,25,35,51,24,12,6,98,79,62,79,30,86,30,74,84,11,66,1,17,36
684,38,91,9,14,39,59,40,25,94,79,36,48,12,91,94,24,46,32,23,62,22,86,29,84
685,66,44,73,3,13,35,41,28,73,63,40,3,89,94,5,22,22,34,17,90,55,97,38,20
686,84,17,6,8,38,73,67,91,56,94,61,93,92,97,69,9,25,36,61,81,95,91,67,80
687,40,46,11,98,27,28,90,84,31,10,40,34,21,16,45,87,89,70,8,46,39,38,86,92
688,99,74,88,8,1,72,62,69,74,16,83,77,50,39,49,86,27,38,6,24,17,93,72,41
689,55,22,98,71,51,36,90,75,87,97,15,44,22,98,29,19,23,24,31,88,88,92,22,31
690,74,81,31,44,18,36,56,77,99,16,37,83,44,98,82,46,25,91,19,99,79,3,49,74
691,87,33,2,60,5,98,18,17,55,92,79,9,34,81,53,14,87,37,25,18,15,59,1,59
692,89,22,13,30,90,76,75,41,83,93,66,84,38,41,75,40,92,43,29,1,50,51,7,97
693,75,41,58,32,67,44,31,47,18,99,31,33,28,53,44,53,18,99,6,5,8,52,54,95
694,18,75,22,5,23,90,94,93,89,42,52,97,84,41,53,98,2,85,90,24,8,22,82,31
695,57,55,86,78,95,13,29,63,56,67,1,69,29,47,14,95,58,78,88,23,51,14,59,20
696,83,26,14,43,83,4,78,79,6,76,64,44,27,19,85,59,73,11,27,57,36,73,2,5
697,12,37,73,34,12,37,49,90,39,31,42,92,80,49,63,37,25,80,85,67,56,70,37,78
698,98,15,16,19,27,13,4,71,34,10,41,94,10,88,9,11,39,51,56,50,87,27,77,89
699,74,52,23,23,86,97,86,38,8,89,1,47,18,74,47,97,58,24,18,52,24,89,61,48
700,92,35,4,96,33,9,61,97,26,61,41,25,36,34,15,94,50,56,43,24,42,92,98,9
701,27,26,20,38,45,86,23,35,18,42,23,58,94,75,91,81,95,33,92,24,7,76,92,54
702,36,62,10,57,3,66,47,42,26,21,22,50,23,88,64,64,87,94,22,40,66,76,86,72
703,62,79,57,34,53,50,40,15,37,88,33,15,64,54,25,92,63,52,27,35,62,64,3,84
704,72,81,98,63,68,57,5,92,16,26,85,33,74,31,93,13,45,38,41,14,83,56,55,95
705,33,64,39,28,12,35,83,95,24,1,23,11,47,8,46,91,21,47,52,41,60,95,6,31
706,40,54,46,49,86,64,41,36,56,49,10,22,87,55,90,28,58,7,28,87,93,55,47,12
707,11,61,32,81,32,43,30,68,71,96,44,96,92,16,39,12,7,78,31,75,2,73,8,86
708,78,34,22,38,93,13,89,8,74,58,24,94,6,9,28,15,70,65,74,40,53,38,51,69
709,47,35,10,96,42,53,75,11,74,64,80,72,36,75,69,10,17,90,57,91,99,37,87,69
710,35,56,98,67,19,41,11,49,57,36,69,62,84,86,43,1,31,69,43,57,54,80,82,88
711,99,59,59,64,73,58,27,93,49,8,86,9,7,2,11,96,70,68,64,64,45,98,66,1
712,12,31,79,37,24,23,34,31,57,81,11,76,33,2,78,61,21,51,39,92,16,85,43,3
713,20,25,64,94,44,92,58,76,85,62,80,10,34,94,38,16,28,35,59,58,14,33,78,32
714,77,43,48,33,23,76,51,83,37,8,60,47,26,74,31,6,25,49,88,53,15,35,89,42
715,51,20,86,3,23,65,8,24,2,4,71,93,11,17,10,60,63,14,43,67,14,78,82,45
716,84,72,51,77,34,31,32,45,57,54,34,35,90,61,9,75,36,97,82,88,74,96,52,94
717,19,88,90,18,19,85,11,71,26,48,50,31,85,73,19,33,17,33,51,11,99,49,14,87
718,98,52,96,9,30,3,58,46,83,59,33,20,3,64,37,79,92,3,25,20,7,4,16,40
719,49,26,25,28,91,14,79,94,46,39,7,31,17,44,33,99,55,37,10,71,39,9,11,90
720,40,80,57,88,80,75,24,1,22,55,86,63,83,10,19,93,12,74,35,42,82,42,53,80
721,72,54,19,11,58,53,52,71,59,13,26,45,51,56,20,41,9,65,92,43,28,37,76,97
722,29,33,69,4,63,27,27,29,98,50,57,19,48,27,93,17,91,71,41,76,61,67,28,86
723,78,74,67,47,89,50,22,37,55,22,3,97,99,73,46,90,58,51,1,82,78,58,58,6
724,34,38,74,18,65,91,34,52,9,31,88,70,22,64,55,18,95,2,86,70,34,1,55,43
725,78,86,44,10,47,87,6,46,57,76,32,88,70,25,30,99,1,79,4,7,75,35,26,50
726,47,45,15,31,8,29,1,51,47,97,9,51,6,77,41,88,39,31,48,79,88,18,59,26
727,67,96,57,41,36,88,7,4,6,34,81,24,16,94,65,71,75,1,9,95,84,21,72,76
728,34,59,68,91,79,88,9,64,10,34,71,45,33,96,45,92,94,48,95,16,60,36,78,31
729,87,12,20,33,33,21,93,99,19,84,82,57,55,74,78,47,75,58,21,53,52,7,35,70
730,20,12,82,4,98,11,88,85,32,49,76,86,43,72,83,34,26,98,94,94,20,23,81,15
731,10,48,12,70,72,64,54,62,92,63,75,57,12,51,16,90,13,67,60,2,83,33,15,91
732,76,91,45,47,76,86,30,70,41,90,45,51,29,71,24,74,99,21,87,53,32,44,84,47
733,94,59,47,20,1,82,17,45,6,74,88,44,88,30,20,14,73,17,67,7,43,12,12,58
734,3,68,13,28,3,28,10,28,72,74,89,80,89,34,6,4,42,91,46,98,70,17,72,89
735,98,57,50,16,16,8,42,39,8,63,6,89,18,35,29,48,41,76,65,95,19,82,10,63
736,26,39,50,64,59,12,15,19,20,84,53,36,30,87,63,43,9,6,32,49,55,82,92,2
737,63,63,61,49,5,37,88,46,88,36,61,5,45,75,54,86,77,15,32,79,44,96,17,69
738,32,28,5,29,61,44,62,89,50,3,35,57,69,86,24,54,77,68,8,43,47,66,86,24
739,74,63,87,17,11,38,63,63,42,80,49,73,81,5,83,3,22,55,37,65,26,50,67,75
740,63,24,40,1,87,64,39,31,18,2,42,7,57,85,91,64,71,50,60,23,60,46,25,36
741,61,45,28,9,6,16,13,36,63,8,55,17,16,79,18,87,9,86,9,29,20,83,32,85
742,78,85,18,59,10,29,54,58,14,87,32,57,84,74,51,47,90,9,83,59,49,35,81,36
743,8,53,86,17,98,94,47,14,84,25,47,71,4,34,30,93,91,6,35,28,4,56,1,48
744,37,89,5,81,86,11,73,55,66,10,5,7,87,51,68,39,92,54,57,99,65,14,65,83
745,60,45,21,29,66,60,11,45,99,98,25,29,44,11,23,69,75,23,31,23,39,75,1,20
746,25,52,29,45,80,47,61,49,1,97,49,3,59,65,37,62,4,19,23,19,17,81,26,25
747,84,17,64,14,46,74,77,55,88,62,85,37,47,14,56,14,85,77,91,29,96,63,28,77
748,89,77,84,87,91,52,13,17,23,6,96,96,52,40,55,8,85,34,19,96,33,10,20,47
749,48,2,78,22,18,28,3,66,38,43,92,72,43,7,43,1,77,88,64,87,48,42,81,8
750,6,2,25,52,77,44,20,73,48,80,58,19,74,87,56,33,61,35,2,8,70,88,65,73
751,71,53,70,44,52,5,94,43,61,86,49,64,33,93,96,10,66,7,50,6,70,56,83,49
752,27,69,43,19,38,87,17,39,53,47,72,74,33,4,14,87,84,52,51,90,53,38,25,56
753,11,15,50,33,77,68,21,18,81,67,27,38,7,41,52,93,75,12,23,43,63,95,13,60
754,42,9,25,93,71,91,45,71,74,57,11,72,62,55,64,59,69,31,78,83,15,21,45,2
755,85,43,79,95,86,81,79,35,82,90,14,23,51,10,38,50,24,23,48,71,24,22,77,94
756,27,92,97,89,70,94,36,47,12,8,14,34,78,42,56,2,2,24,71,15,55,66,85,90
757,1,76,11,76,46,96,26,63,37,71,15,89,83,80,48,34,85,50,60,93,6,42,19,34
758,13,65,55,39,97,83,72,22,93,20,21,9,82,69,51,39,94,13,15,1,7,73,76,67
759,54,86,46,16,25,40,51,7,5,41,20,48,31,17,29,55,86,86,26,23,40,55,38,90
760,79,14,84,23,95,8,94,98,72,13,91,46,13,43,76,51,8,51,25,45,38,53,77,31
761,11,65,34,16,59,53,65,19,55,56,54,12,39,18,17,28,64,65,94,90,6,27,47,20
762,51,16,49,89,9,60,49,82,98,59,6,43,56,45,77,50,43,48,34,97,20,58,22,70
763,22,32,29,5,36,68,17,72,67,55,71,83,69,2,85,41,11,59,74,37,92,55,5,27
764,40,7,63,97,75,15,82,54,82,71,70,99,49,7,18,58,95,55,24,64,91,2,58,28
765,39,58,15,60,25,66,13,34,47,24,76,6,94,25,74,78,58,50,7,25,55,81,97,40
766,55,48,5,33,32,50,8,51,14,28,71,77,14,48,3,61,11,87,53,60,87,73,90,74
767,94,38,60,17,48,45,64,80,85,73,45,61,8,83,38,73,98,20,98,9,38,76,90,69
768,42,53,52,10,90,53,54,6,35,23,60,21,12,61,68,31,15,57,9,81,35,94,62,58
769,41,47,97,84,2,3,57,10,85,55,42,44,73,4,40,12,17,91,83,15,72,92,61,73
770,25,72,1,57,60,50,24,18,4,75,50,55,58,7,97,45,62,8,25,34,45,70,22,89
771,79,74,62,10,22,92,27,81,24,3,19,88,94,92,67,48,66,71,4,1,60,65,47,81
772,82,15,64,65,63,24,40,53,3,44,53,98,78,69,9,88,80,7,20,80,31,8,86,42
773,91,49,39,42,10,57,27,84,67,24,79,85,40,48,87,70,64,47,67,95,74,35,80,23
774,56,8,47,53,70,65,62,28,43,62,92,25,22,18,79,29,82,39,3,50,35,51,85,1
775,53,88,70,94,49,67,45,43,48,2,50,67,58,91,41,60,55,6,5,79,92,70,27,20
776,30,27,58,39,24,46,57,15,96,10,20,55,64,28,24,5,96,55,23,15,58,67,69,89
777,28,60,3,88,95,11,42,81,71,7,31,97,97,91,64,13,76,60,48,57,57,95,59,81
778,59,64,31,23,98,45,65,91,26,85,74,53,78,28,12,20,27,74,24,30,65,1,8,54
779,54,44,37,42,40,52,90,69,83,34,70,14,65,11,34,56,11,71,32,26,98,2,13,72
780,73,71,12,26,54,96,70,21,62,4,59,48,84,53,53,8,69,2,76,37,20,17,66,31
781,32,67,62,25,36,43,1,87,27,36,60,43,49,66,8,15,27,32,47,4,9,45,35,93
782,42,96,24,84,78,40,47,85,91,68,6,30,93,37,91,61,59,78,4,27,96,90,40,63
783,81,90,15,81,81,56,86,82,82,2,83,46,25,1,72,59,50,53,50,61,39,7,19,33
784,42,58,7,29,7,93,62,30,91,49,81,39,54,97,19,67,42,57,39,18,76,10,46,67
785,9,14,95,16,44,5,26,26,5,30,56,45,17,31,55,99,10,96,36,32,96,83,33,85
786,13,87,43,55,62,38,57,18,79,15,36,51,61,44,26,91,6,17,1,93,58,4,83,51
787,75,48,82,6,60,92,16,94,85,67,42,29,30,53,7,43,35,27,57,8,1,95,24,28
788,58,52,92,92,88,5,15,73,49,30,52,98,13,48,81,60,22,80,27,74,50,36,4,96
789,3,1,82,43,79,26,71,48,30,6,81,98,3,47,88,15,61,86,19,46,91,28,60,39
790,64,78,34,56,76,23,90,89,16,24,79,37,37,20,7,35,60,79,43,60,32,5,94,88
791,74,97,67,33,48,89,41,77,41,66,57,45,87,91,95,97,34,49,16,38,91,80,4,60
792,11,21,22,69,34,99,93,23,8,15,76,35,57,3,73,97,94,50,59,49,24,57,49,70
793,52,20,25,12,24,28,97,2,17,35,31,58,55,65,92,63,83,71,88,92,20,10,24,33
794,6,63,43,51,97,70,47,18,95,83,60,2,23,55,40,34,27,51,80,89,94,28,93,30
795,31,95,89,69,22,53,18,30,39,41,7,28,68,68,41,10,32,85,55,69,32,59,99,80
796,92,31,1,97,80,36,17,38,53,14,27,41,32,54,64,54,25,36,76,34,10,39,19,48
797,6,22,44,20,65,26,57,31,69,97,85,17,23,57,20,98,80,28,25,57,92,97,78,52
798,69,74,59,64,70,44,56,40,39,36,50,27,9,3,83,57,72,15,9,55,41,4,54,52
799,25,84,33,56,25,1,4,21,78,51,62,48,35,80,98,24,27,60,15,21,52,54,34,36
800,89,12,39,29,64,86,60,90,38,84,1,74,24,82,76,76,58,41,48,42,47,57,35,42
801,83,56,81,5,98,35,18,69,73,17,43,49,83,38,62,49,15,61,14,60,6,46,67,89
802,59,14,44,97,65,9,70,62,41,19,15,39,9,62,60,91,79,7,50,71,49,25,31,45
803,85,61,31,4,65,72,52,94,88,71,35,5,51,36,70,71,10,21,96,54,70,27,92,58
804,27,1,30,90,95,81,74,60,14,77,26,87,75,78,90,46,76,77,62,80,87,72,19,62
805,47,93,52,24,79,10,14,53,26,51,62,2,19,85,50,41,2,71,57,99,60,12,27,59
806,34,80,16,45,89,90,16,46,79,36,55,82,9,9,8,67,54,15,5,59,52,62,72,82
807,52,15,74,21,98,96,5,51,80,75,48,70,7,7,21,69,9,69,23,13,74,86,63,35
808,75,17,33,18,35,69,24,77,36,93,47,1,1,80,93,21,53,26,84,71,86,83,82,38
809,41,80,17,84,30,36,96,10,86,84,27,91,86,21,95,17,7,35,55,84,96,69,18,64
810,86,83,60,98,54,75,86,10,54,27,71,24,77,61,78,38,62,24,7,4,78,20,54,67
811,11,72,86,69,23,80,24,11,70,1,35,83,39,49,62,16,50,39,75,44,25,91,77,93
812,43,24,48,97,76,6,98,18,93,34,43,34,63,53,11,3,1,28,47,84,24,23,23,29
813,85,85,3,1,71,88,77,22,9,90,93,88,48,3,52,56,44,74,31,61,4,57,65,63
814,83,55,96,2,15,48,57,29,77,48,9,87,20,99,57,37,39,59,51,69,53,98,29,49
815,46,43,6,46,79,9,91,38,71,57,68,95,7,6,25,13,62,79,68,60,60,55,84,4
816,27,4,31,44,32,25,75,9,41,85,94,14,16,92,36,12,80,53,95,74,28,42,83,86
817,71,44,97,59,23,47,1,91,29,80,77,1,45,49,79,18,94,6,49,29,25,96,43,74
818,34,88,63,66,38,41,94,33,7,80,15,45,3,40,79,51,2,11,61,73,14,10,90,29
819,21,50,51,59,1,67,32,19,43,68,74,78,78,82,22,52,90,81,98,81,27,46,95,55
820,7,10,73,54,17,56,99,25,94,55,96,55,95,93,39,65,44,90,55,13,24,2,46,78
821,38,19,31,24,74,22,52,39,66,59,4,8,73,52,67,19,35,53,11,75,86,84,83,78
822,9,56,3,77,33,71,1,84,37,47,92,97,67,72,34,76,48,60,40,89,81,13,77,57
823,53,82,33,96,76,72,48,32,77,63,72,13,93,12,58,50,12,36,87,20,6,25,17,48
824,46,17,44,21,88,39,90,51,76,10,44,27,12,47,96,39,34,70,37,25,20,48,28,78
825,91,27,20,12,38,16,55,93,12,44,72,48,30,79,10,54,45,80,77,52,26,86,66,74
826,30,40,33,60,28,93,51,32,82,51,36,89,75,50,4,49,48,5,39,64,70,33,9,43
827,83,69,21,29,26,26,68,70,42,8,75,49,44,86,17,20,18,62,40,60,20,57,69,20
828,18,26,12,32,98,12,14,96,42,37,48,41,36,53,89,73,95,17,28,75,87,74,11,68
829,24,2,78,40,3,2,54,95,19,90,47,28,93,47,18,57,81,91,13,33,56,50,72,11
830,7,70,6,36,43,85,51,84,80,10,76,14,33,62,40,22,92,55,58,48,4,75,14,9
831,54,45,59,66,67,42,33,75,22,60,1,62,1,1,10,27,47,13,67,10,24,88,34,71
832,51,69,46,64,10,33,79,44,96,87,52,65,8,38,59,90,15,67,15,36,97,3,39,23
833,12,60,58,60,70,1,65,32,75,53,68,86,10,23,18,9,80,46,94,53,74,8,90,61
834,76,65,72,34,49,52,19,76,38,16,29,6,69,68,29,98,60,34,73,13,9,39,96,30
835,71,96,84,55,4,36,95,22,56,34,30,24,81,37,3,50,25,59,55,26,40,94,14,46
836,94,71,54,71,54,61,19,40,83,9,45,69,98,1,82,46,57,58,44,77,70,2,81,62
837,63,14,61,96,21,48,30,64,6,86,10,8,2,12,71,69,16,54,92,94,34,18,48,87
838,94,70,33,35,11,2,96,92,13,88,64,35,42,7,77,68,39,39,81,10,42,37,69,59
839,72,15,40,93,35,25,71,24,7,40,25,96,42,20,61,14,60,52,75,54,41,9,34,97
840,4,16,21,22,59,19,18,6,2,7,79,74,93,34,64,6,32,61,29,74,60,72,48,61
841,13,2,13,35,73,55,55,55,23,18,59,65,47,59,59,66,13,71,19,88,34,64,14,85
842,69,3,46,35,60,68,41,89,50,69,23,90,67,77,53,22,92,69,15,83,45,35,32,92
843,27,59,72,75,37,2,97,26,22,15,65,54,95,46,19,51,24,48,63,69,8,28,34,11
844,76,68,96,34,56,77,57,2,51,77,44,44,41,41,80,24,77,53,43,60,84,4,94,58
845,27,2,39,98,4,63,6,51,29,76,28,25,49,27,3,5,85,62,73,12,45,88,84,93
846,98,79,86,70,82,39,48,93,73,16,50,50,49,26,57,93,8,70,62,94,39,34,36,34
847,8,97,1,57,91,74,31,44,25,2,42,93,56,93,33,50,62,32,83,31,26,48,4,88
848,5,86,81,30,36,74,14,97,3,43,78,7,6,36,83,32,10,84,79,81,54,48,50,94
849,22,41,80,69,79,78,98,72,90,98,73,83,16,69,54,70,64,16,77,96,39,74,21,66
850,94,74,28,18,7,90,2,83,48,50,89,31,61,80,1,22,57,92,6,99,90,36,47,68
851,37,45,32,20,85,65,98,38,59,10,21,22,46,64,14,26,85,66,17,17,88,96,82,25
852,79,4,35,72,23,58,35,30,14,33,88,30,87,62,90,18,31,60,54,18,31,3,39,80
853,85,41,77,35,96,94,74,51,59,55,79,92,29,24,66,72,84,29,68,17,12,32,32,67
854,31,94,57,35,7,28,36,73,59,18,46,36,67,86,32,53,4,48,49,29,80,1,48,37
855,48,24,69,16,81,22,4,5,73,11,83,4,48,93,14,22,75,34,11,25,25,14,30,42
856,73,21,55,63,65,83,60,9,59,14,86,4,95,27,81,63,69,22,85,90,69,10,5,66
857,66,1,4,56,33,18,73,47,61,36,16,51,35,84,74,82,99,34,46,62,42,46,78,71
858,40,88,51,91,23,24,35,26,58,48,94,56,85,71,44,23,48,51,82,77,17,57,52,95
859,99,66,34,2,50,64,81,69,8,80,48,49,1,66,67,7,33,9,61,65,5,54,40,3
860,44,1,66,95,1,63,31,62,97,28,48,33,3,23,29,84,34,32,9,57,57,99,81,52
861,66,80,11,96,35,74,50,28,30,85,25,87,30,27,31,69,43,69,73,13,87,48,55,47
862,11,32,95,85,15,71,16,5,34,66,89,27,22,21,91,6,96,59,28,49,13,52,72,2
863,83,82,76,6,93,2,47,53,71,54,80,84,1,68,81,21,7,99,4,83,73,83,95,34
864,74,49,83,77,67,15,40,27,58,68,58,62,35,79,47,64,44,98,39,14,78,22,57,40
865,43,84,98,24,90,5,80,90,73,14,30,33,83,45,64,79,14,39,59,68,29,40,13,4
866,31,16,86,56,2,55,80,9,38,43,72,23,54,37,45,16,28,82,40,2,28,18,93,73
867,38,84,95,72,82,84,63,7,66,49,12,35,62,19,99,5,81,30,85,86,95,28,88,60
868,89,49,54,28,30,18,88,84,52,43,59,7,4,17,20,53,7,65,15,96,73,39,38,32
869,89,79,76,31,20,78,86,6,37,4,26,77,78,3,46,4,84,22,92,36,23,51,41,65
870,75,24,62,22,82,33,2,1,70,14,45,20,41,35,52,80,18,33,4,93,79,26,62,22
871,30,97,4,38,56,52,15,39,64,45,46,96,5,54,49,98,11,88,43,57,60,72,99,86
872,31,43,58,27,24,4,62,9,51,99,25,67,48,74,28,15,21,57,32,76,72,70,54,20
873,97,66,63,85,34,42,2,94,96,33,22,34,65,58,53,68,16,3,74,19,17,93,92,59
874,83,40,39,83,7,65,12,64,32,95,86,21,73,33,35,90,94,78,23,13,16,64,39,37
875,80,56,31,78,71,40,6,14,76,12,19,77,26,80,36,16,77,90,60,66,62,80,79,45
876,39,63,70,13,14,70,22,41,92,24,60,69,9,83,22,30,69,91,52,77,54,54,87,61
877,25,54,5,10,16,71,71,31,56,70,16,14,29,97,69,2,99,27,1,94,85,69,45,59
878,66,62,32,71,33,73,89,43,57,87,90,88,17,48,71,61,49,17,68,51,14,44,14,45
879,35,2,46,74,42,81,17,91,98,70,62,3,59,56,90,54,26,15,77,64,85,41,66,3
880,11,41,74,84,31,38,3,54,37,84,41,6,78,73,48,32,45,60,71,17,63,30,54,59
881,91,38,29,96,30,91,66,91,66,63,4,51,94,78,39,53,4,17,73,70,79,67,2,20
882,98,69,64,30,60,91,48,83,7,21,44,24,84,70,37,70,49,61,50,90,39,12,68,55
883,38,45,59,6,65,59,12,78,49,20,36,16,72,42,63,66,28,80,22,29,17,50,13,88
884,35,26,6,52,59,82,13,43,56,1,73,43,14,38,10,14,85,26,75,21,24,91,42,41
885,7,27,2,98,64,52,96,4,68,74,73,53,23,70,95,29,51,35,14,74,81,19,33,18
886,34,16,47,15,83,88,31,10,63,77,55,52,95,79,63,35,32,74,45,66,8,55,22,76
887,15,46,91,11,76,30,62,79,39,89,32,6,92,26,87,48,41,31,26,39,23,66,60,32
888,10,85,59,7,23,45,17,13,74,3,9,25,68,34,25,53,58,88,75,89,2,37,18,80
889,84,81,76,51,61,27,65,69,23,64,27,86,77,87,26,52,38,67,15,98,8,82,37,75
890,74,66,78,46,68,75,24,77,36,89,7,35,49,6,39,51,51,62,49,83,16,76,47,90
891,26,21,26,34,57,20,5,52,4,46,25,3,55,92,2,16,97,74,18,17,14,91,15,68
892,16,46,1,36,11,49,44,28,88,15,98,81,25,52,19,81,25,44,99,71,67,86,81,50
893,7,99,47,78,73,40,36,14,81,47,75,84,50,61,54,24,65,73,94,7,16,92,65,7
894,35,31,57,92,69,69,67,96,94,71,2,12,92,55,21,86,73,40,47,20,32,36,79,13
895,41,75,78,77,37,65,69,42,79,37,19,97,43,2,25,83,69,70,7,75,42,84,78,65
896,79,47,68,66,2,44,50,64,15,20,84,13,86,80,61,43,46,82,32,52,51,31,23,96
897,49,4,40,68,64,20,66,10,92,23,11,17,90,20,61,65,43,62,28,29,84,21,7,4
898,38,94,51,72,64,69,40,64,64,63,8,49,40,25,35,58,35,17,49,82,26,83,36,8
899,85,57,12,84,35,45,83,39,76,19,37,32,67,3,27,52,70,74,15,62,18,34,62,56
900,58,28,96,62,65,21,13,79,98,76,96,43,50,82,52,47,99,38,7,93,69,40,86,47
901,38,75,64,79,4,32,28,91,31,72,59,93,59,68,21,54,81,21,81,61,21,19,64,88
902,72,87,41,39,43,15,78,76,79,43,72,95,80,15,43,42,75,64,23,96,53,98,36,11
903,74,57,27,49,41,70,38,33,95,83,82,50,32,35,34,4,40,61,26,17,80,71,74,52
904,54,97,37,49,95,60,27,70,78,94,12,46,3,96,35,23,60,57,19,57,74,79,82,22
905,98,60,41,69,22,20,38,1,18,67,20,13,14,78,79,49,39,11,65,36,42,64,73,42
906,99,10,96,23,59,27,78,87,67,85,46,9,8,71,58,53,93,71,64,31,87,40,65,72
907,4,54,50,21,29,81,48,81,19,11,79,98,97,17,48,17,18,64,49,42,31,6,48,10
908,82,73,35,74,34,65,19,94,86,33,8,44,82,49,9,11,30,69,31,58,90,53,60,80
909,27,25,38,81,94,91,17,71,54,14,49,24,40,14,47,52,44,73,63,4,91,44,38,98
910,5,45,29,65,52,39,48,47,93,40,93,79,60,38,45,95,42,86,50,43,18,96,79,69
911,76,29,55,18,7,61,94,29,10,87,84,78,70,59,45,95,51,30,78,83,49,2,63,95
912,72,58,97,86,18,51,37,70,3,32,18,13,71,70,36,76,15,35,13,46,85,3,2,79
913,6,37,36,70,41,6,38,41,89,75,51,65,39,10,74,44,75,23,82,69,64,57,32,47
914,36,85,38,54,27,73,81,75,55,60,53,26,6,98,68,3,74,18,83,87,6,96,92,70
915,86,67,87,32,82,91,34,25,43,72,5,79,52,24,40,94,36,69,27,20,67,47,72,35
916,18,51,40,66,7,33,45,23,75,82,73,23,86,26,98,27,22,54,21,23,97,78,68,18
917,42,62,40,74,92,50,21,20,37,61,29,48,83,53,27,32,9,80,35,54,34,46,73,77
918,10,95,92,21,68,96,92,13,72,30,31,16,16,81,84,95,77,67,90,69,14,34,13,14
919,77,55,73,8,69,92,30,11,42,61,30,49,41,25,13,82,65,14,55,5,91,12,62,35
920,81,49,11,14,86,83,9,19,53,24,27,12,61,7,2,10,4,43,12,70,71,73,93,64
921,74,83,26,25,14,68,10,78,20,12,60,55,2,69,93,78,70,8,51,7,10,39,93,16
922,12,87,8,82,28,59,57,1,61,90,75,93,75,48,74,15,22,75,80,99,28,82,40,61
923,14,72,50,10,38,7,18,63,43,39,52,79,42,89,88,45,72,52,32,85,1,20,93,66
924,98,28,99,7,70,14,3,10,97,31,93,18,91,84,2,31,75,52,90,55,52,5,13,55
925,67,31,18,37,72,83,29,84,92,41,60,53,32,1,29,75,15,31,27,65,98,65,43,85
926,86,94,72,88,60,37,66,28,30,32,16,10,13,20,57,54,8,13,58,85,39,75,14,12
927,86,1,32,2,49,29,37,89,9,88,35,4,89,48,88,91,32,81,88,88,14,72,65,90
928,84,62,18,65,36,62,16,68,80,40,23,64,1,22,94,56,3,67,71,18,20,41,19,6
929,29,22,47,63,99,23,54,37,46,95,65,75,41,96,72,73,18,99,72,28,33,65,2,20
930,44,50,3,70,68,37,47,50,61,12,72,43,52,77,52,97,3,9,56,64,49,41,44,73
931,57,77,92,80,95,45,6,47,77,61,85,85,61,55,79,67,80,34,31,42,86,28,43,12
932,7,35,18,1,30,75,80,31,44,7,81,91,25,69,39,80,66,45,88,17,18,98,91,8
933,59,99,47,22,70,28,47,98,35,88,75,96,30,63,80,11,55,67,89,26,82,40,87,69
934,73,82,82,32,4,99,48,24,91,31,63,38,17,78,59,57,18,13,18,50,81,9,83,2
935,14,8,16,34,40,4,86,11,81,43,88,94,83,2,79,21,41,12,45,56,58,22,25,89
936,45,6,38,61,93,29,69,74,36,87,89,21,52,89,65,12,59,50,27,43,44,61,59,92
937,39,50,64,40,12,21,17,10,31,3,97,16,39,40,48,40,40,51,87,65,45,29,91,12
938,54,62,75,85,65,33,34,30,1,82,54,33,59,16,82,79,39,8,89,42,54,97,58,26
939,35,28,4,15,94,19,56,47,12,60,83,26,51,53,38,47,81,52,48,37,63,17,32,39
940,54,23,70,88,2,56,61,18,33,76,76,34,12,81,45,30,79,92,4,59,24,67,44,1
941,30,16,59,41,86,55,70,88,16,5,49,89,81,15,63,67,21,76,50,79,79,18,52,41
942,60,88,54,79,71,49,2,26,78,51,7,61,57,7,10,21,59,27,99,66,81,91,6,89
943,1,24,44,98,58,34,44,12,16,76,25,54,61,82,3,26,48,86,59,7,90,79,41,36
944,88,91,56,79,66,43,93,94,40,25,6,25,35,6,44,77,49,78,85,17,93,9,49,62
945,91,31,26,54,61,7,76,30,60,12,70,3,16,24,16,78,77,96,8,90,16,88,27,98
946,97,83,87,60,58,98,85,91,26,73,72,55,58,94,29,62,21,74,59,53,7,64,27,35
947,48,66,14,6,16,16,74,40,64,1,11,66,55,89,79,84,91,8,50,2,79,73,49,38
948,36,84,98,66,23,75,61,14,80,80,86,86,46,25,92,25,71,40,25,50,56,21,24,77
949,90,21,5,89,21,32,6,98,89,5,81,71,16,21,45,8,38,70,31,66,74,99,84,86
950,77,45,70,90,24,24,79,85,95,52,99,1,99,54,12,9,90,23,34,70,97,13,97,62
951,90,30,18,94,11,28,90,74,35,77,93,41,11,65,98,16,25,24,94,7,15,88,96,83
952,65,55,21,50,92,69,1,53,75,24,13,7,15,65,36,26,68,28,24,31,77,76,91,7
953,43,23,10,87,26,99,63,99,42,92,22,17,54,4,52,69,50,39,52,58,12,61,18,54
954,52,50,6,38,52,63,11,48,65,56,88,92,16,54,51,11,37,15,62,61,95,32,19,29
955,16,5,72,47,51,44,47,64,60,71,51,71,46,98,24,71,80,77,4,75,84,7,50,91
956,53,86,90,19,30,15,73,45,73,61,49,71,63,13,53,8,63,86,15,52,36,60,43,39
957,54,12,79,97,7,3,77,7,1,55,77,12,96,9,2,87,92,11,21,65,2,98,56,2
958,1,73,20,32,28,66,57,43,16,34,68,83,80,15,35,86,62,65,71,52,63,85,3,96
959,60,36,52,5,74,9,33,76,51,95,87,95,81,86,49,36,69,50,62,2,93,20,43,92
960,17,23,4,97,1,56,71,33,55,2,19,98,32,20,14,94,11,78,53,47,10,91,90,13
961,34,81,12,16,4,49,56,84,44,15,91,74,57,48,1,12,66,89,1,98,45,84,83,57
962,84,61,82,95,92,32,91,41,61,91,14,93,66,37,96,34,52,51,4,31,41,42,33,37
963,31,20,61,57,54,10,52,8,10,40,73,84,74,35,55,50,93,85,85,45,62,67,80,72
964,32,93,15,32,31,19,3,56,10,75,88,80,89,79,20,7,74,30,98,76,95,12,89,73
965,11,26,18,50,26,27,91,80,80,59,4,35,27,20,51,92,51,23,48,36,14,52,23,27
966,24,34,6,91,16,10,29,80,32,92,21,77,88,39,85,29,93,15,68,21,77,91,9,11
967,64,35,95,84,60,78,58,70,81,46,19,26,29,90,14,84,12,28,22,16,40,71,3,87
968,96,4,14,35,5,52,31,70,79,27,54,38,43,39,17,44,5,95,51,26,17,6,13,37
969,79,29,53,19,15,15,98,42,14,18,73,31,8,76,47,4,36,20,49,19,90,19,27,44
970,39,63,99,45,46,23,30,53,72,78,91,40,44,61,60,16,46,80,33,84,30,63,55,83
971,6,73,92,54,5,42,13,32,9,50,69,33,11,12,67,4,93,32,15,62,42,39,73,85
972,87,70,99,81,73,60,73,60,55,29,2,27,58,57,71,77,1,94,1,37,94,47,75,69
973,98,96,13,26,73,11,7,50,1,15,8,5,72,36,65,10,73,37,84,56,52,44,65,87
974,59,31,68,43,9,4,81,45,35,9,41,79,29,92,76,25,73,47,44,52,98,26,28,28
975,84,92,87,32,62,79,54,96,48,63,9,9,23,90,53,44,6,59,81,50,89,20,8,51
976,86,81,15,95,99,10,88,85,34,76,56,1,46,53,64,52,91,25,76,35,27,51,90,30
977,27,16,26,35,1,55,31,95,49,64,99,75,31,82,44,88,20,19,93,40,6,41,55,79
978,48,72,77,77,21,38,77,72,30,21,93,76,85,37,26,59,47,45,61,71,26,66,49,34
979,74,21,54,11,20,57,73,79,47,5,30,62,16,26,84,11,49,5,41,34,29,92,79,41
980,97,94,75,92,76,17,16,83,43,41,75,51,81,95,27,35,49,64,60,35,16,48,70,59
981,21,87,45,15,20,39,40,99,13,98,7,12,68,17,51,50,48,15,77,86,62,89,24,53
982,33,64,68,68,13,31,55,77,1,66,42,43,90,4,20,63,63,64,24,27,79,86,69,35
983,54,40,68,97,97,58,79,23,78,19,17,87,14,93,83,97,72,32,68,58,33,66,51,3
984,11,49,45,11,61,22,2,96,42,58,30,64,89,83,51,15,39,9,88,4,68,47,31,65
985,49,6,67,22,25,91,33,3,15,77,18,13,18,56,91,82,10,78,90,72,53,7,91,92
986,58,95,29,25,16,51,26,52,2,24,81,88,29,3,65,85,19,65,32,76,95,53,67,49
987,31,66,70,59,41,32,2,4,41,50,73,92,56,25,48,55,70,63,11,82,4,23,68,83
988,34,36,26,80,89,37,60,92,85,25,21,12,51,26,52,20,57,69,50,68,39,79,29,57
989,76,74,23,40,81,53,11,18,88,70,18,45,1,34,41,96,37,70,62,90,82,68,77,68
990,28,25,81,81,80,85,81,9,98,1,3,28,66,87,31,1,18,99,96,32,67,10,90,25
991,35,74,28,62,84,91,72,2,15,25,43,21,51,68,91,81,76,97,79,61,12,93,50,76
992,4,78,91,53,42,18,21,95,72,65,44,34,32,41,89,15,34,23,86,35,11,17,80,42
993,6,10,72,87,30,96,75,4,73,62,11,71,17,32,98,3,64,31,84,61,37,47,80,89
994,85,71,18,81,63,85,98,21,10,86,96,84,42,49,73,85,43,8,22,72,9,41,3,66
995,7,49,45,26,3,4,24,24,81,60,32,87,41,99,89,33,71,88,22,26,96,82,42,18
996,71,13,62,10,23,27,25,46,44,22,46,17,46,87,76,81,3,90,1,93,45,24,68,53
997,16,67,83,70,73,21,3,14,2,77,17,77,5,15,25,80,73,95,45,31,88,14,17,82
998,27,59,9,25,20,22,26,6,69,40,26,1,3,18,28,66,87,83,4,49,57,48,54,55
999,16,86,72,31,55,2,52,21,12,73,2,35,94,92,83,25,54,60,44,11,23,68,64,42
